Timestamp,Email Address,What is your gender?,What gender are you attracted to?,Are you an introvert or extrovert?,What's your ideal first date?,What type of sense of humor attracts you most?,Which hobby would you love to share with your partner?,Do you think communication is important?,What kind of lifestyle matches yours?,Whatâ€™s your take on PDA (Public Displays of Affection)?,What kind of music speaks to your soul?,How do you show love to your partner?,"If you could cook dinner for someone, what would you cook?",How do you handle leadership roles?,How do you express your needs and opinions?,How do you handle stressful situations?,How do you collaborate in group projects?,How motivated are you to achieve your goals?,"When you have a project due, how do you approach it?",How do you typically spend your free time?,How do you feel in large social gatherings?,How do you respond to someone needing help?,How often do you feel anxious or stressed?,Column 24
11/29/2025 02:06:00,user1@test.com,3,5,1,1,3,4,3,4,1,3,3,1,1,2,2,1,2,1,3,3,3,3
09/18/2025 22:37:00,user2@test.com,2,8,1,3,4,3,1,4,4,3,2,1,1,1,3,2,1,1,4,2,2,1
07/16/2025 01:56:00,user3@test.com,1,6,1,4,4,1,1,1,1,4,2,4,1,4,2,2,4,3,2,2,3,4
07/16/2025 02:13:00,user4@test.com,1,4,2,3,4,2,2,2,2,2,2,1,4,4,4,4,1,4,4,4,2,3
01/03/2026 06:26:00,user5@test.com,3,6,1,1,3,2,4,4,3,4,1,4,4,2,2,3,3,2,4,3,2,1
04/10/2025 01:19:00,user6@test.com,1,5,2,3,1,1,3,2,1,2,4,3,2,3,1,2,2,3,3,4,3,3
01/12/2026 06:49:00,user7@test.com,2,5,1,2,2,4,4,4,1,4,4,2,2,4,2,4,4,3,3,1,1,2
04/15/2025 15:45:00,user8@test.com,3,7,1,3,3,4,3,4,2,2,1,1,4,1,1,2,1,4,3,1,2,4
03/30/2025 14:40:00,user9@test.com,3,4,2,4,3,4,4,1,2,3,1,4,4,2,1,2,3,1,4,3,1,2
10/19/2025 07:52:00,user10@test.com,1,7,2,3,2,4,3,4,4,4,2,3,3,1,1,4,3,1,1,1,3,4
05/22/2025 03:26:00,user11@test.com,1,1,2,2,3,4,1,4,3,3,2,2,2,1,4,3,2,1,4,2,4,2
04/27/2025 08:54:00,user12@test.com,1,6,2,1,4,1,4,2,1,4,1,1,4,3,3,4,3,1,4,3,4,2
08/28/2025 20:49:00,user13@test.com,3,2,2,3,2,4,2,3,3,4,3,3,1,2,1,3,1,1,3,2,4,2
12/02/2025 09:39:00,user14@test.com,3,2,2,1,2,3,3,1,3,2,1,3,2,1,4,3,1,4,3,2,2,4
09/07/2025 09:47:00,user15@test.com,3,8,2,1,4,4,1,3,4,1,1,1,3,3,1,4,1,1,2,2,3,1
06/09/2025 14:45:00,user16@test.com,1,6,1,4,3,1,1,2,1,1,3,2,2,2,4,1,4,3,4,3,3,2
11/30/2025 11:09:00,user17@test.com,2,8,2,1,4,1,1,4,2,4,2,2,4,2,3,4,2,4,1,2,2,3
06/28/2025 01:37:00,user18@test.com,2,7,2,1,3,2,1,4,1,2,4,2,3,4,2,1,2,1,4,1,3,3
12/30/2025 16:36:00,user19@test.com,2,3,1,4,1,3,4,4,2,2,4,3,2,2,3,2,4,2,1,4,1,4
12/15/2025 02:32:00,user20@test.com,3,7,1,4,2,2,2,2,4,2,3,1,4,1,3,3,1,3,1,1,1,3
05/25/2025 08:17:00,user21@test.com,3,3,2,2,2,1,1,1,3,1,2,3,2,2,4,2,1,1,4,3,4,3
05/09/2025 20:27:00,user22@test.com,2,6,2,1,3,1,1,4,2,4,1,4,1,1,3,2,4,2,2,1,1,2
09/28/2025 20:58:00,user23@test.com,1,3,2,3,1,1,3,4,3,3,4,3,2,4,4,3,4,4,2,1,4,2
05/21/2025 20:17:00,user24@test.com,1,5,2,4,3,1,2,1,2,3,1,3,3,4,2,3,2,4,2,2,3,2
04/20/2025 07:50:00,user25@test.com,2,3,1,3,4,4,2,2,2,3,1,1,2,3,1,2,3,3,1,1,2,3
03/25/2025 10:50:00,user26@test.com,3,8,2,2,2,1,1,4,4,4,3,2,1,4,3,1,1,4,2,1,2,4
07/20/2025 17:00:00,user27@test.com,3,7,1,4,4,1,3,1,2,1,2,4,3,4,3,3,4,1,4,2,4,4
08/07/2025 03:10:00,user28@test.com,2,4,1,4,1,2,3,4,1,1,3,4,4,3,3,2,1,3,3,3,4,1
05/08/2025 01:31:00,user29@test.com,3,3,1,4,3,3,1,1,4,2,2,4,2,4,3,2,2,2,4,2,2,3
08/18/2025 01:32:00,user30@test.com,3,1,1,3,1,3,4,1,3,1,3,2,4,3,3,3,4,3,4,2,1,3
07/07/2025 09:48:00,user31@test.com,1,4,1,1,3,3,4,1,4,3,2,4,1,3,3,2,4,2,4,3,1,2
04/09/2025 15:28:00,user32@test.com,3,1,2,1,1,1,2,2,3,2,4,3,4,4,4,1,1,2,3,2,2,1
12/17/2025 18:00:00,user33@test.com,3,7,2,1,2,3,4,1,1,2,2,1,4,4,3,3,1,2,3,3,4,2
03/11/2025 19:45:00,user34@test.com,2,8,1,2,1,4,2,1,1,1,2,1,1,4,2,4,3,2,2,2,2,3
10/01/2025 22:35:00,user35@test.com,2,1,2,4,1,3,2,2,1,4,1,1,1,1,2,1,1,2,4,3,2,1
06/12/2025 20:33:00,user36@test.com,3,2,1,2,1,3,1,3,4,4,1,4,3,3,1,1,3,1,1,3,2,1
05/01/2025 14:05:00,user37@test.com,1,1,2,1,1,1,3,4,3,2,1,4,1,4,3,4,1,1,4,1,3,2
11/23/2025 15:39:00,user38@test.com,3,8,2,2,1,4,1,2,2,3,2,3,3,3,1,2,2,2,1,3,1,3
04/24/2025 05:46:00,user39@test.com,3,5,2,3,1,4,3,1,2,2,1,4,3,1,3,4,4,1,4,1,1,4
05/23/2025 12:57:00,user40@test.com,2,6,2,1,1,1,1,2,2,2,3,2,2,2,2,3,1,4,2,2,1,1
03/21/2025 01:01:00,user41@test.com,1,6,2,4,3,3,1,2,1,1,2,1,1,4,3,1,4,3,4,1,1,2
08/12/2025 15:42:00,user42@test.com,1,1,2,1,3,2,1,1,2,1,2,3,4,1,4,2,2,3,4,4,3,4
11/23/2025 15:35:00,user43@test.com,2,7,2,2,2,3,1,3,3,4,4,4,1,3,1,3,1,1,3,2,1,3
09/07/2025 21:28:00,user44@test.com,2,5,1,1,2,3,1,4,4,3,2,4,3,1,3,1,1,4,4,2,3,1
02/15/2025 16:43:00,user45@test.com,1,5,2,2,2,4,3,2,1,2,4,2,1,2,1,1,1,4,2,2,2,4
05/10/2025 14:24:00,user46@test.com,1,6,2,1,4,3,3,4,2,1,1,3,3,2,2,1,3,2,4,1,2,4
04/28/2025 14:18:00,user47@test.com,3,1,2,1,4,3,3,2,2,2,4,3,4,1,4,3,2,3,3,1,3,2
11/08/2025 11:12:00,user48@test.com,1,5,1,4,1,2,4,4,3,2,2,3,2,2,2,4,4,4,3,4,3,4
09/25/2025 10:42:00,user49@test.com,2,6,2,1,2,3,3,4,4,2,3,3,4,1,2,1,4,1,2,1,4,3
03/25/2025 02:24:00,user50@test.com,3,5,1,3,1,4,3,1,1,3,3,2,2,2,3,4,3,3,1,3,4,4
10/01/2025 16:24:00,user51@test.com,1,1,2,3,1,1,4,1,3,3,4,1,2,3,1,4,3,4,1,1,2,3
08/30/2025 22:11:00,user52@test.com,2,7,1,1,2,4,4,3,1,1,4,2,3,2,4,1,3,3,2,1,3,1
10/22/2025 11:10:00,user53@test.com,3,3,1,2,3,1,1,2,3,4,4,1,2,2,3,2,1,4,4,2,2,4
11/15/2025 20:13:00,user54@test.com,1,1,2,4,4,3,1,3,2,1,2,4,1,4,1,1,3,3,3,2,3,1
12/02/2025 14:42:00,user55@test.com,1,5,1,2,3,3,3,4,4,4,2,3,4,4,4,1,3,1,3,4,4,3
10/02/2025 17:32:00,user56@test.com,2,1,1,2,3,1,4,2,3,3,1,2,4,2,3,2,2,3,3,3,3,2
04/04/2025 13:57:00,user57@test.com,1,1,2,4,2,3,4,1,2,4,3,2,4,2,3,1,2,4,1,1,3,2
09/26/2025 15:25:00,user58@test.com,3,5,1,1,2,2,4,1,4,3,2,2,1,4,1,3,3,3,2,1,1,1
09/09/2025 03:58:00,user59@test.com,1,7,1,1,3,2,1,2,4,3,3,4,4,2,3,3,2,1,2,2,1,2
10/21/2025 01:57:00,user60@test.com,3,8,2,2,3,3,4,2,1,2,1,4,1,4,1,3,3,2,3,2,4,1
08/13/2025 15:59:00,user61@test.com,3,7,2,3,3,2,2,2,1,2,2,2,3,4,4,1,1,3,4,3,1,1
04/10/2025 04:34:00,user62@test.com,3,1,1,2,3,3,4,4,2,1,2,3,1,4,4,2,4,4,4,1,4,3
02/20/2025 06:12:00,user63@test.com,3,2,1,1,3,1,4,3,3,4,3,3,2,1,3,1,1,2,2,3,2,1
09/05/2025 18:28:00,user64@test.com,3,4,2,3,3,4,3,2,4,2,1,4,4,3,2,2,4,2,4,2,4,3
07/26/2025 08:50:00,user65@test.com,3,1,2,4,4,3,1,2,1,3,4,1,2,1,2,1,4,2,3,2,2,2
06/27/2025 02:44:00,user66@test.com,1,7,2,3,1,4,1,2,2,3,2,3,4,3,1,3,3,4,3,4,2,1
11/10/2025 13:49:00,user67@test.com,3,4,1,4,3,2,3,2,2,3,3,1,4,3,4,2,3,3,3,1,1,2
10/13/2025 00:12:00,user68@test.com,3,1,2,2,2,1,1,1,4,2,1,2,4,3,1,2,2,3,2,4,3,2
05/13/2025 19:36:00,user69@test.com,2,3,1,4,3,3,3,3,4,4,3,1,3,1,4,3,2,2,2,3,1,4
06/04/2025 09:42:00,user70@test.com,1,5,2,3,4,2,2,4,2,4,1,4,2,4,2,4,1,4,4,3,2,4
05/29/2025 09:54:00,user71@test.com,3,4,1,3,3,2,3,2,4,3,3,4,1,1,3,2,2,2,3,1,1,3
10/03/2025 08:30:00,user72@test.com,2,1,1,3,2,2,1,4,4,2,4,4,4,2,3,4,2,2,2,1,4,2
02/16/2025 11:20:00,user73@test.com,1,5,1,1,4,3,1,2,3,2,3,2,1,1,1,3,3,1,3,4,3,4
09/15/2025 06:05:00,user74@test.com,2,8,1,1,2,4,3,1,2,4,4,4,4,1,3,4,1,4,2,4,1,2
01/14/2026 01:41:00,user75@test.com,3,1,2,3,1,3,3,3,3,4,1,1,1,4,3,4,3,4,4,4,2,1
09/09/2025 18:54:00,user76@test.com,2,8,2,2,3,2,3,3,2,3,1,4,4,3,1,1,4,3,4,1,1,1
08/01/2025 00:38:00,user77@test.com,3,8,1,2,3,3,4,4,3,3,1,4,3,3,3,4,4,2,2,4,1,2
05/21/2025 10:22:00,user78@test.com,1,1,1,4,4,4,1,3,1,4,2,2,4,4,2,3,2,4,3,1,3,4
12/11/2025 18:21:00,user79@test.com,1,1,2,1,4,2,3,3,3,3,1,3,1,2,1,1,4,2,3,4,4,2
03/28/2025 06:51:00,user80@test.com,1,5,2,3,3,1,4,3,2,3,2,3,2,1,3,4,2,4,2,4,2,4
06/30/2025 03:37:00,user81@test.com,2,3,2,4,1,3,2,3,2,1,1,2,1,3,2,3,3,4,4,2,3,4
07/10/2025 21:21:00,user82@test.com,2,2,2,3,3,2,4,1,3,1,3,4,4,1,4,2,4,3,2,2,2,2
02/26/2025 03:09:00,user83@test.com,2,1,2,1,2,3,2,4,3,2,1,2,3,1,3,2,1,3,2,2,2,3
07/24/2025 23:39:00,user84@test.com,3,8,2,3,3,2,2,1,1,3,3,4,3,1,3,3,2,3,1,3,4,3
12/24/2025 11:42:00,user85@test.com,1,7,2,1,4,2,2,4,3,3,2,3,3,1,4,1,4,2,3,1,4,1
05/09/2025 01:56:00,user86@test.com,3,3,1,4,2,3,1,1,2,3,4,1,4,4,2,1,3,1,3,4,4,2
07/25/2025 00:07:00,user87@test.com,3,5,2,3,3,4,4,4,4,3,1,1,4,1,2,1,2,4,1,4,4,3
04/03/2025 23:08:00,user88@test.com,1,6,2,1,2,3,1,3,4,4,1,4,2,1,3,2,1,3,4,4,3,2
10/16/2025 09:27:00,user89@test.com,3,2,1,2,1,4,4,1,3,4,3,1,2,4,2,3,1,2,2,4,4,3
12/11/2025 16:54:00,user90@test.com,3,8,1,3,1,1,2,3,3,2,1,3,3,4,3,3,1,1,4,3,1,1
11/26/2025 05:26:00,user91@test.com,1,4,1,2,3,1,4,2,2,1,1,4,1,1,4,2,4,3,4,1,4,4
09/09/2025 16:06:00,user92@test.com,1,5,2,1,2,1,2,3,2,4,3,4,1,2,3,2,1,4,4,2,4,3
01/16/2026 23:18:00,user93@test.com,3,2,2,1,3,1,4,2,3,4,1,1,3,2,1,1,1,1,1,2,2,3
03/31/2025 19:01:00,user94@test.com,1,4,2,2,3,3,1,1,1,4,3,3,4,3,4,2,2,4,2,2,4,4
02/16/2025 23:21:00,user95@test.com,3,7,2,1,3,1,1,3,2,4,2,3,2,2,2,1,2,3,3,1,3,4
12/21/2025 03:57:00,user96@test.com,1,2,1,1,4,2,4,1,3,1,3,4,1,1,4,4,1,2,3,2,3,3
07/21/2025 23:00:00,user97@test.com,1,4,1,1,3,3,2,4,2,3,3,1,1,3,3,4,1,1,3,4,3,3
07/16/2025 17:52:00,user98@test.com,1,3,2,2,1,3,3,4,3,2,1,3,4,3,4,4,4,2,4,1,3,1
07/16/2025 21:21:00,user99@test.com,2,4,1,1,4,2,4,1,1,4,1,2,1,3,2,3,2,3,1,3,4,3
12/20/2025 03:16:00,user100@test.com,1,2,1,1,3,3,3,2,2,2,3,4,1,2,4,3,1,1,2,1,1,2
11/02/2025 15:56:00,user101@test.com,2,3,2,4,3,3,2,1,2,4,4,4,4,4,3,1,3,2,2,1,4,2
05/23/2025 05:00:00,user102@test.com,1,2,1,1,2,4,1,4,2,2,3,3,3,2,1,3,2,1,4,3,4,2
04/28/2025 14:57:00,user103@test.com,1,4,2,2,1,2,1,1,3,1,4,2,2,3,2,3,3,3,1,3,3,3
06/24/2025 02:11:00,user104@test.com,3,1,1,1,3,4,2,2,2,3,4,2,1,2,2,1,1,3,4,2,4,2
12/29/2025 13:06:00,user105@test.com,2,6,2,2,1,4,3,4,3,4,3,3,4,4,3,2,4,1,2,2,4,1
05/11/2025 06:00:00,user106@test.com,2,1,1,1,3,1,1,1,3,2,3,4,4,1,3,4,2,3,3,4,1,3
05/05/2025 13:42:00,user107@test.com,2,6,1,2,2,1,2,1,2,4,4,2,1,4,2,2,2,1,1,3,1,3
02/26/2025 09:56:00,user108@test.com,3,2,2,3,4,2,3,4,3,2,3,4,4,4,3,3,1,3,3,3,3,2
11/17/2025 23:41:00,user109@test.com,1,2,2,2,3,2,2,3,3,4,1,2,4,4,2,2,3,4,2,4,1,4
07/25/2025 12:37:00,user110@test.com,2,1,2,2,1,4,1,1,1,2,2,2,3,3,4,4,4,4,4,2,1,3
12/14/2025 20:19:00,user111@test.com,1,4,1,2,4,4,2,1,1,1,2,3,4,1,1,2,1,4,4,2,2,4
07/22/2025 04:14:00,user112@test.com,2,1,2,3,2,1,4,3,1,3,3,1,1,4,4,4,1,3,1,3,3,3
10/28/2025 10:26:00,user113@test.com,1,4,1,4,3,1,2,4,4,4,1,2,1,2,1,1,3,3,1,3,2,4
09/01/2025 03:35:00,user114@test.com,1,5,2,1,4,4,3,3,2,4,2,2,3,2,1,2,3,1,4,1,2,1
04/13/2025 18:18:00,user115@test.com,2,7,1,1,1,1,1,2,3,3,4,1,3,3,3,3,4,1,4,2,2,1
02/05/2025 23:09:00,user116@test.com,2,7,1,2,3,2,2,2,2,3,4,2,3,1,2,3,4,4,4,2,4,1
10/13/2025 23:25:00,user117@test.com,1,3,2,2,1,4,2,2,4,2,3,4,2,2,3,2,1,1,1,2,3,4
01/03/2026 10:48:00,user118@test.com,2,5,2,4,4,1,4,3,2,2,4,4,1,3,4,3,2,2,4,2,3,2
09/06/2025 15:21:00,user119@test.com,3,2,2,3,4,2,4,3,2,1,4,2,2,1,3,2,2,2,3,2,1,4
07/11/2025 04:33:00,user120@test.com,3,4,1,4,1,4,1,2,1,1,4,1,2,4,2,4,4,1,4,3,2,4
04/28/2025 02:57:00,user121@test.com,2,1,2,4,4,3,1,1,1,1,4,4,2,3,2,4,2,1,3,2,1,3
07/07/2025 05:02:00,user122@test.com,2,7,1,1,3,3,3,3,2,2,1,3,3,1,1,4,3,3,2,1,2,1
10/04/2025 04:07:00,user123@test.com,1,7,1,4,1,1,2,1,3,4,3,3,1,3,1,4,3,3,2,4,1,3
04/03/2025 07:20:00,user124@test.com,3,7,1,4,4,1,3,4,2,1,4,4,2,1,2,1,2,3,3,4,4,2
11/12/2025 10:32:00,user125@test.com,3,4,1,3,4,4,2,2,3,3,3,3,3,4,1,1,4,3,2,2,2,4
08/01/2025 12:55:00,user126@test.com,2,3,1,1,3,3,1,1,3,1,1,1,2,3,3,1,4,4,2,2,4,3
08/05/2025 20:15:00,user127@test.com,2,5,2,2,3,3,4,3,3,2,3,3,3,3,4,2,4,3,2,2,4,4
05/29/2025 15:22:00,user128@test.com,1,7,1,2,3,2,4,1,1,4,4,2,3,2,1,2,3,1,4,3,3,3
01/03/2026 18:27:00,user129@test.com,2,7,2,1,1,3,4,3,1,4,3,4,4,4,1,3,3,4,3,1,4,3
04/29/2025 07:52:00,user130@test.com,2,8,1,1,3,2,2,3,1,2,3,2,1,1,4,2,1,1,1,3,2,1
08/13/2025 19:04:00,user131@test.com,3,4,2,2,4,1,3,1,3,4,4,4,2,4,2,4,3,1,1,3,1,1
10/20/2025 17:31:00,user132@test.com,1,6,1,3,4,1,4,4,4,2,1,3,2,1,4,1,2,3,4,3,1,3
02/23/2025 12:50:00,user133@test.com,1,3,2,2,4,4,1,1,3,3,1,2,3,1,2,3,3,2,3,3,3,3
08/03/2025 12:13:00,user134@test.com,2,6,2,2,3,4,1,4,2,1,3,4,1,4,3,4,3,3,2,4,3,2
11/27/2025 19:07:00,user135@test.com,3,1,1,2,4,2,2,3,4,3,3,2,2,1,1,2,1,2,2,3,3,3
09/20/2025 03:35:00,user136@test.com,1,4,2,4,1,1,2,3,1,1,2,1,2,2,1,2,1,1,1,1,2,1
06/09/2025 00:20:00,user137@test.com,1,5,1,1,1,1,1,2,2,1,1,1,1,2,2,3,2,4,1,3,3,4
11/12/2025 04:27:00,user138@test.com,2,6,1,3,2,3,1,3,4,1,1,2,4,2,2,1,1,2,3,1,1,4
08/11/2025 02:29:00,user139@test.com,2,7,1,1,4,4,3,4,1,1,4,4,1,4,4,2,3,1,2,2,4,1
09/12/2025 08:29:00,user140@test.com,1,4,2,4,3,4,2,2,1,4,3,1,3,4,3,1,3,4,2,4,2,2
05/11/2025 23:52:00,user141@test.com,1,8,2,3,3,4,1,3,4,2,1,4,2,1,3,4,3,2,1,3,4,2
07/19/2025 05:34:00,user142@test.com,1,3,2,1,3,4,4,3,3,1,1,3,3,2,4,2,4,4,1,3,1,1
08/28/2025 14:52:00,user143@test.com,1,1,2,1,3,2,1,3,1,4,2,1,3,1,2,3,3,2,2,1,3,2
03/05/2025 03:32:00,user144@test.com,2,6,1,2,2,2,4,2,1,1,4,1,1,1,2,3,2,1,3,2,4,4
05/22/2025 19:30:00,user145@test.com,2,6,1,2,2,3,1,3,1,2,2,2,2,2,2,4,3,4,4,1,1,3
08/15/2025 05:53:00,user146@test.com,3,7,2,3,3,4,4,3,2,4,3,1,4,1,4,4,1,3,3,4,2,2
09/02/2025 10:45:00,user147@test.com,3,2,2,3,2,4,3,2,2,2,2,2,2,4,1,3,1,4,4,3,3,3
03/02/2025 03:19:00,user148@test.com,2,6,1,4,4,2,4,1,2,1,1,4,4,1,2,2,1,2,2,2,1,4
05/08/2025 03:26:00,user149@test.com,1,2,2,3,2,2,1,3,3,1,1,2,4,3,4,3,1,4,3,4,3,2
06/16/2025 11:29:00,user150@test.com,3,2,2,1,4,2,4,1,3,3,2,3,4,1,3,2,2,2,3,3,2,3
11/19/2025 02:40:00,user151@test.com,3,2,2,3,2,1,2,4,4,1,4,1,4,2,4,4,3,4,4,3,1,1
11/25/2025 17:19:00,user152@test.com,3,4,1,3,2,3,2,1,4,4,2,4,4,3,3,4,2,1,3,4,2,1
07/04/2025 04:39:00,user153@test.com,3,5,2,2,1,2,4,4,3,3,1,3,3,2,3,2,4,3,3,4,1,4
01/16/2026 07:18:00,user154@test.com,2,4,2,2,2,3,2,4,1,3,2,4,3,4,3,4,2,2,1,3,1,3
06/12/2025 14:57:00,user155@test.com,3,8,2,2,4,3,1,1,2,1,3,2,3,4,2,3,2,1,2,2,2,4
04/10/2025 10:15:00,user156@test.com,1,7,2,3,4,4,2,2,3,1,2,1,2,4,1,1,1,3,3,4,1,2
11/20/2025 20:29:00,user157@test.com,1,8,2,1,2,3,1,3,3,2,4,4,3,2,1,1,1,1,2,1,4,2
03/18/2025 11:16:00,user158@test.com,3,5,1,1,3,4,4,2,3,1,4,1,1,4,2,2,3,3,2,4,1,4
05/14/2025 14:08:00,user159@test.com,2,2,2,2,4,2,4,1,3,4,4,2,2,2,2,4,2,4,2,2,1,1
11/03/2025 17:21:00,user160@test.com,2,6,2,4,4,4,3,2,2,4,3,1,3,3,2,1,3,1,4,4,2,3
10/24/2025 20:16:00,user161@test.com,2,7,1,2,4,4,2,3,2,4,4,2,2,1,1,4,1,4,1,4,2,4
12/21/2025 23:47:00,user162@test.com,2,6,1,4,4,4,1,3,4,2,2,2,2,3,1,4,4,1,2,2,4,1
02/15/2025 14:51:00,user163@test.com,2,8,1,4,1,1,1,4,1,2,3,3,2,1,1,2,4,1,1,2,3,2
05/09/2025 01:18:00,user164@test.com,2,1,2,3,2,4,1,2,2,1,1,4,1,1,3,4,1,2,2,4,2,2
12/24/2025 06:08:00,user165@test.com,3,2,2,4,1,4,1,4,1,1,2,2,3,2,4,3,3,1,1,4,1,1
05/03/2025 08:11:00,user166@test.com,1,3,1,2,1,3,1,3,4,3,3,1,1,2,3,2,4,1,2,3,3,3
10/12/2025 12:06:00,user167@test.com,3,4,2,2,2,1,2,4,4,1,2,4,1,3,4,3,4,1,1,2,1,3
08/15/2025 13:00:00,user168@test.com,2,3,2,1,2,1,2,3,4,1,1,3,3,3,4,2,4,3,3,2,3,2
12/14/2025 18:53:00,user169@test.com,3,7,1,3,4,4,3,4,1,4,1,3,1,3,1,1,2,4,1,1,3,1
01/04/2026 05:46:00,user170@test.com,1,1,2,1,2,3,2,4,4,2,3,2,4,1,1,1,1,2,2,1,2,4
06/18/2025 15:46:00,user171@test.com,1,3,1,4,4,1,3,4,2,3,3,4,3,2,2,1,2,2,2,2,4,4
05/15/2025 09:32:00,user172@test.com,3,8,2,1,2,2,4,3,4,2,4,4,3,1,1,3,3,4,4,1,1,2
07/19/2025 19:19:00,user173@test.com,2,7,2,2,3,1,1,2,3,3,2,1,1,1,3,1,2,4,1,1,3,2
12/10/2025 10:30:00,user174@test.com,1,5,1,2,2,3,2,1,4,3,2,3,3,4,1,1,3,4,2,2,2,3
07/06/2025 22:24:00,user175@test.com,2,8,2,3,4,2,3,2,1,1,4,3,4,1,1,4,1,3,1,1,1,4
02/11/2025 14:55:00,user176@test.com,1,4,1,4,2,4,2,2,3,1,2,1,3,4,1,2,3,4,3,1,1,4
05/17/2025 04:56:00,user177@test.com,3,8,2,2,3,4,1,4,4,2,3,1,4,3,3,3,4,4,4,3,2,4
04/10/2025 15:50:00,user178@test.com,2,6,1,3,1,4,2,1,1,2,1,4,3,2,4,2,4,3,1,3,1,4
11/01/2025 06:51:00,user179@test.com,1,5,2,2,3,1,2,1,3,4,1,3,4,3,4,4,1,3,4,3,1,2
03/11/2025 18:46:00,user180@test.com,3,2,2,1,2,2,1,2,3,3,4,1,2,4,2,4,3,3,2,4,3,2
11/27/2025 04:46:00,user181@test.com,3,4,2,3,1,3,1,2,3,4,1,2,1,3,4,2,3,4,2,2,1,3
09/05/2025 16:06:00,user182@test.com,3,2,2,4,1,1,1,2,4,1,2,3,1,1,2,2,3,4,4,2,4,2
08/02/2025 02:39:00,user183@test.com,3,2,2,3,3,3,2,3,4,1,4,2,4,2,2,1,3,2,3,1,4,4
12/24/2025 17:05:00,user184@test.com,3,6,2,2,2,2,4,4,4,3,4,3,2,2,2,3,3,2,4,4,1,4
10/17/2025 05:46:00,user185@test.com,1,8,2,2,3,3,4,3,1,4,1,2,2,4,2,3,2,1,1,3,2,1
05/17/2025 06:47:00,user186@test.com,3,5,2,3,1,2,1,1,1,4,2,2,3,1,3,2,1,3,4,2,4,1
04/11/2025 08:37:00,user187@test.com,1,4,2,1,2,1,2,2,4,4,3,3,2,4,1,4,4,3,2,4,3,1
05/06/2025 11:34:00,user188@test.com,2,5,2,2,1,2,1,1,1,4,2,4,3,1,1,4,2,1,1,3,3,4
08/02/2025 04:06:00,user189@test.com,2,4,1,4,4,4,1,2,1,3,3,4,2,3,3,4,1,4,3,1,4,3
11/09/2025 12:12:00,user190@test.com,1,5,1,4,2,3,1,2,1,4,3,1,4,3,1,1,2,4,3,3,2,3
02/24/2025 15:36:00,user191@test.com,1,5,1,4,1,1,3,1,2,4,1,1,2,4,2,3,2,3,3,4,1,3
09/07/2025 02:03:00,user192@test.com,3,1,1,4,2,3,2,4,2,2,3,3,2,2,3,1,3,3,1,3,1,1
05/03/2025 01:08:00,user193@test.com,3,5,2,4,3,1,2,4,4,3,3,4,1,1,3,2,1,3,4,1,4,3
07/21/2025 09:23:00,user194@test.com,2,6,1,4,2,3,2,4,2,2,2,1,3,1,1,3,2,1,1,3,4,1
10/15/2025 00:57:00,user195@test.com,3,1,1,3,4,1,2,2,4,2,3,2,4,3,4,2,4,2,3,1,1,4
11/12/2025 01:35:00,user196@test.com,1,8,1,2,3,2,3,2,3,3,1,2,1,1,1,1,3,1,1,2,3,2
07/24/2025 00:09:00,user197@test.com,1,5,2,1,2,2,3,3,3,4,4,1,1,3,1,3,4,4,2,4,2,4
03/03/2025 02:19:00,user198@test.com,2,5,2,3,2,4,3,4,3,3,3,1,3,2,2,4,3,4,2,3,1,4
10/30/2025 23:47:00,user199@test.com,1,8,1,1,4,2,1,1,1,2,4,1,3,4,3,3,2,3,4,3,2,2
11/30/2025 05:26:00,user200@test.com,2,8,2,4,4,1,4,2,3,3,4,2,4,1,3,3,4,2,2,3,3,4
05/17/2025 06:56:00,user201@test.com,3,3,2,3,2,4,2,3,3,4,2,1,2,4,1,1,3,2,3,3,2,3
03/09/2025 12:37:00,user202@test.com,3,4,2,2,3,2,2,2,1,1,1,1,2,2,1,3,2,4,1,2,4,2
06/09/2025 22:52:00,user203@test.com,3,3,2,4,3,1,3,1,1,2,1,1,3,2,2,4,4,2,3,4,2,4
02/17/2025 08:18:00,user204@test.com,3,3,2,1,1,1,3,2,1,2,3,3,3,3,4,2,2,2,2,1,4,3
05/05/2025 03:41:00,user205@test.com,2,4,2,1,2,3,2,2,1,2,1,3,1,2,1,1,4,2,4,2,2,2
12/13/2025 15:44:00,user206@test.com,2,4,1,2,1,1,2,4,2,4,1,1,1,1,4,2,2,2,1,2,4,4
12/27/2025 11:37:00,user207@test.com,2,6,1,2,3,1,1,1,1,2,2,1,4,2,1,2,1,1,4,2,2,1
08/03/2025 09:55:00,user208@test.com,1,1,1,4,1,3,4,4,4,1,4,4,2,4,3,3,2,2,3,3,2,3
12/31/2025 04:12:00,user209@test.com,1,8,1,3,4,2,1,2,2,2,2,1,1,1,4,1,3,3,2,4,2,1
06/19/2025 15:31:00,user210@test.com,1,4,1,3,3,4,4,2,4,4,3,2,2,2,3,4,1,1,4,4,4,1
03/22/2025 21:55:00,user211@test.com,1,5,1,2,1,4,1,4,3,1,4,2,2,4,1,1,3,3,2,4,2,3
07/17/2025 19:59:00,user212@test.com,2,8,1,1,3,3,4,3,1,2,2,4,1,1,4,4,4,3,4,3,1,3
06/30/2025 00:40:00,user213@test.com,3,3,1,2,4,3,2,3,2,3,3,4,2,1,3,1,3,4,4,4,4,2
12/22/2025 22:12:00,user214@test.com,2,1,2,2,1,1,3,4,1,2,3,1,4,2,3,1,1,4,1,2,1,1
09/21/2025 09:04:00,user215@test.com,1,8,1,4,4,2,2,4,1,2,1,3,3,4,3,1,3,1,2,1,2,1
07/24/2025 03:50:00,user216@test.com,3,2,2,1,2,4,3,4,2,1,2,2,3,4,3,4,3,2,3,3,3,4
04/08/2025 02:28:00,user217@test.com,2,1,1,4,2,1,3,1,1,4,2,4,2,1,2,1,2,2,3,4,1,2
06/22/2025 09:49:00,user218@test.com,2,8,1,4,2,2,4,1,1,3,2,2,1,4,4,2,4,4,2,2,3,3
09/18/2025 21:33:00,user219@test.com,3,7,1,3,3,4,3,3,4,3,4,2,4,4,4,1,4,2,1,4,3,1
09/01/2025 06:57:00,user220@test.com,2,3,1,3,2,2,1,3,3,4,3,4,3,2,3,1,3,1,2,3,3,1
07/06/2025 16:27:00,user221@test.com,2,4,2,1,3,2,1,1,3,1,1,3,3,1,1,2,3,1,4,2,3,1
12/12/2025 23:56:00,user222@test.com,1,7,2,1,2,3,1,4,4,3,1,1,3,3,1,3,1,3,3,2,2,4
07/12/2025 05:30:00,user223@test.com,3,4,1,3,1,3,3,3,1,3,3,2,3,2,4,3,4,4,3,1,2,1
12/25/2025 02:48:00,user224@test.com,3,7,1,4,1,1,1,1,3,1,2,1,1,3,3,3,2,1,4,2,1,3
12/03/2025 06:52:00,user225@test.com,2,6,1,4,3,3,1,3,3,4,2,3,4,2,4,4,2,2,1,4,1,3
03/11/2025 03:51:00,user226@test.com,2,6,1,2,4,4,1,3,1,3,3,1,3,1,2,2,1,3,4,2,4,3
07/26/2025 17:03:00,user227@test.com,3,3,1,3,3,4,1,4,1,2,2,1,2,2,3,2,4,2,2,1,4,4
01/10/2026 06:55:00,user228@test.com,1,2,1,1,1,3,2,1,2,4,3,1,4,1,3,4,3,3,1,3,2,3
12/09/2025 23:45:00,user229@test.com,2,3,1,4,4,3,1,1,3,1,3,4,2,3,1,4,1,4,1,1,1,4
01/17/2026 22:17:00,user230@test.com,2,3,2,2,3,1,3,2,3,1,1,1,3,3,3,1,3,3,4,4,2,2
01/17/2026 03:07:00,user231@test.com,3,1,2,4,3,4,3,3,3,2,3,1,1,4,3,1,3,1,2,3,4,4
12/10/2025 03:19:00,user232@test.com,3,8,2,2,2,3,1,1,2,3,3,3,3,4,1,3,1,3,3,3,1,1
01/08/2026 20:47:00,user233@test.com,2,1,2,3,4,2,3,4,2,4,4,2,2,4,2,2,4,1,4,1,3,4
05/10/2025 02:47:00,user234@test.com,2,3,1,3,1,4,2,1,4,3,2,1,1,1,4,4,3,1,4,1,3,1
10/19/2025 05:23:00,user235@test.com,1,6,1,2,3,4,2,1,4,3,3,1,4,2,4,2,4,3,1,2,1,2
01/08/2026 12:55:00,user236@test.com,3,2,2,3,1,4,4,1,4,3,2,1,3,4,1,1,3,2,3,1,4,3
11/30/2025 11:20:00,user237@test.com,2,4,2,4,1,2,2,2,3,1,3,1,3,4,2,1,1,2,1,1,4,1
07/25/2025 00:56:00,user238@test.com,3,4,1,3,2,1,1,3,4,1,2,4,4,4,2,1,2,2,1,4,1,4
08/15/2025 05:43:00,user239@test.com,3,4,1,1,3,1,4,2,1,1,3,3,2,3,1,4,4,4,1,1,4,1
03/15/2025 04:13:00,user240@test.com,1,6,1,1,3,1,4,1,3,4,1,1,4,2,2,4,2,2,4,2,1,4
06/06/2025 09:32:00,user241@test.com,2,6,1,2,2,3,3,3,3,3,2,2,1,1,3,3,3,3,1,2,1,4
11/02/2025 05:47:00,user242@test.com,1,3,1,2,2,2,1,1,1,3,1,2,3,4,2,2,1,3,2,4,2,2
03/23/2025 15:05:00,user243@test.com,3,1,2,4,3,2,4,4,4,1,2,3,2,1,4,1,3,2,3,3,1,2
10/28/2025 23:05:00,user244@test.com,3,6,1,4,4,3,3,2,1,4,3,2,4,4,2,1,1,4,1,2,1,3
10/30/2025 16:29:00,user245@test.com,3,8,2,4,2,4,4,4,2,4,4,4,4,4,4,4,3,4,2,2,3,3
01/15/2026 16:09:00,user246@test.com,1,2,1,1,3,4,4,4,2,2,4,2,1,2,4,2,2,3,3,3,3,3
05/05/2025 19:29:00,user247@test.com,1,2,1,4,2,1,4,4,4,2,3,2,2,4,3,1,3,2,1,3,2,2
08/17/2025 04:20:00,user248@test.com,1,3,2,4,2,4,1,4,1,3,1,3,1,2,3,4,4,2,2,2,4,2
12/31/2025 07:53:00,user249@test.com,1,1,2,3,2,3,2,4,2,4,3,1,4,4,1,4,2,3,4,2,2,3
05/18/2025 12:15:00,user250@test.com,2,3,2,1,2,2,4,3,1,3,1,2,2,3,1,2,4,3,4,1,3,4
12/29/2025 19:07:00,user251@test.com,2,3,2,4,4,1,2,2,4,2,1,1,1,2,4,1,4,1,2,3,2,3
02/14/2025 16:39:00,user252@test.com,1,3,2,3,3,3,4,2,2,3,4,2,4,2,4,2,2,2,2,4,3,3
09/07/2025 13:12:00,user253@test.com,2,2,2,1,2,1,3,3,4,3,1,1,1,4,2,4,1,2,1,1,2,3
05/02/2025 17:23:00,user254@test.com,1,7,2,4,4,3,1,1,2,4,2,4,1,4,1,2,3,4,4,1,2,3
06/13/2025 04:14:00,user255@test.com,3,5,1,2,1,3,2,1,3,4,1,2,4,2,3,4,3,3,3,2,3,4
02/23/2025 21:11:00,user256@test.com,1,4,1,4,4,4,1,4,1,1,1,1,4,2,3,3,1,4,4,2,1,2
05/30/2025 17:43:00,user257@test.com,2,6,1,3,2,1,1,3,3,4,1,4,3,1,2,3,2,3,3,4,4,4
09/02/2025 13:28:00,user258@test.com,2,3,2,4,3,1,3,1,1,3,2,2,4,2,3,4,4,3,4,2,1,3
05/10/2025 18:57:00,user259@test.com,2,7,2,4,4,4,1,4,1,2,1,2,3,2,1,1,3,4,2,4,1,4
03/21/2025 20:02:00,user260@test.com,3,5,2,3,2,2,4,3,1,3,2,1,4,2,1,4,4,1,1,2,2,1
11/25/2025 21:01:00,user261@test.com,1,4,2,3,2,1,4,1,4,1,2,4,2,4,4,4,4,2,3,2,1,1
06/05/2025 20:39:00,user262@test.com,2,7,2,2,1,2,1,1,2,1,4,2,1,4,3,3,1,2,2,4,3,1
07/18/2025 14:43:00,user263@test.com,1,4,1,1,1,4,2,1,3,2,1,3,2,2,3,2,1,2,1,1,1,1
06/06/2025 18:47:00,user264@test.com,1,1,1,4,3,2,2,1,4,4,2,4,4,3,2,1,3,2,4,4,1,1
09/15/2025 03:23:00,user265@test.com,3,6,2,4,2,3,2,1,4,2,1,2,4,4,3,3,2,3,4,3,3,2
04/09/2025 20:56:00,user266@test.com,3,3,1,1,1,1,1,1,4,4,4,3,4,2,3,1,1,4,3,2,2,2
06/09/2025 05:04:00,user267@test.com,3,6,1,1,4,3,4,4,1,2,4,1,3,3,3,4,2,2,2,2,4,4
08/07/2025 14:53:00,user268@test.com,3,3,1,1,1,3,1,1,1,1,3,2,2,2,3,1,3,1,1,1,3,4
04/05/2025 01:34:00,user269@test.com,1,7,2,2,4,4,3,2,1,4,4,4,2,4,3,1,2,2,1,3,1,2
09/13/2025 10:23:00,user270@test.com,1,8,1,1,4,2,4,2,4,3,3,2,2,1,4,1,2,4,1,2,4,2
08/04/2025 04:59:00,user271@test.com,2,7,2,2,4,2,4,2,3,3,3,4,1,3,3,2,3,2,1,1,1,4
03/26/2025 09:34:00,user272@test.com,3,8,2,2,2,1,1,2,1,3,2,4,4,4,4,1,3,2,2,2,1,2
09/03/2025 01:27:00,user273@test.com,3,1,1,2,1,3,3,1,1,3,2,2,3,3,4,4,4,2,3,1,2,4
08/22/2025 00:11:00,user274@test.com,1,8,2,2,1,3,2,2,2,4,3,1,1,3,2,3,4,1,3,4,2,2
06/25/2025 00:15:00,user275@test.com,1,3,1,1,1,4,2,1,4,3,1,2,2,3,3,3,3,1,1,3,4,4
12/16/2025 20:18:00,user276@test.com,1,1,1,3,3,3,1,4,2,3,1,3,2,2,3,4,3,2,3,1,4,4
02/13/2025 09:14:00,user277@test.com,2,5,2,2,4,3,2,4,4,4,4,1,2,3,2,1,3,2,1,3,4,2
05/06/2025 19:44:00,user278@test.com,1,5,2,1,4,1,1,2,1,1,4,3,3,3,2,1,2,1,1,4,3,3
11/25/2025 04:55:00,user279@test.com,2,1,2,2,3,2,3,1,1,4,3,1,3,2,3,3,1,3,4,1,1,1
03/29/2025 14:32:00,user280@test.com,3,4,1,4,3,1,2,4,2,4,1,4,2,3,1,3,2,2,3,4,2,3
06/07/2025 04:13:00,user281@test.com,2,7,1,2,2,2,3,4,3,1,3,4,3,2,2,1,1,2,1,1,3,1
03/07/2025 17:36:00,user282@test.com,2,6,1,2,1,2,3,1,1,1,4,3,4,4,1,2,3,1,2,1,1,3
03/02/2025 08:11:00,user283@test.com,2,4,1,2,3,4,4,4,2,4,2,4,1,2,2,2,1,4,4,1,4,3
12/20/2025 19:37:00,user284@test.com,2,6,2,4,3,4,3,3,4,4,3,4,2,2,2,3,3,2,3,4,4,4
04/14/2025 07:54:00,user285@test.com,2,8,1,4,1,3,4,1,1,2,1,3,3,4,3,1,2,4,2,1,3,3
06/23/2025 13:19:00,user286@test.com,1,8,1,2,3,2,4,3,1,2,4,1,3,3,1,4,2,1,1,4,1,2
09/04/2025 19:18:00,user287@test.com,3,5,1,1,4,2,2,2,3,2,4,3,3,3,1,3,1,3,4,1,4,4
05/04/2025 17:14:00,user288@test.com,2,2,2,3,3,1,1,3,3,3,1,4,2,2,3,2,4,4,2,3,3,3
09/27/2025 15:54:00,user289@test.com,3,3,2,3,2,1,4,2,2,3,4,4,2,4,3,3,4,1,4,2,4,1
11/21/2025 19:53:00,user290@test.com,2,8,1,4,3,3,2,1,3,3,3,2,4,1,1,3,3,1,1,3,3,4
09/05/2025 05:37:00,user291@test.com,1,4,2,3,1,1,2,4,2,4,4,3,1,1,1,1,2,4,2,3,4,3
10/13/2025 21:28:00,user292@test.com,2,6,2,2,3,4,3,3,4,2,4,1,4,3,2,4,3,1,4,2,3,4
10/13/2025 18:57:00,user293@test.com,3,6,1,4,3,4,1,3,3,4,2,3,3,4,2,4,2,1,3,3,4,3
04/06/2025 12:18:00,user294@test.com,2,5,2,4,3,3,3,1,4,3,4,1,4,4,3,4,4,2,1,1,3,4
02/20/2025 21:44:00,user295@test.com,1,1,1,2,2,2,1,2,2,1,3,2,3,4,1,1,2,3,2,4,1,2
05/24/2025 07:59:00,user296@test.com,3,8,2,2,1,3,2,1,4,3,3,2,1,3,4,1,3,2,2,4,2,1
07/27/2025 06:51:00,user297@test.com,2,8,1,3,4,1,2,2,1,1,1,1,1,4,1,4,3,4,4,1,1,2
04/14/2025 23:54:00,user298@test.com,3,5,2,1,2,1,3,4,4,1,3,4,1,1,2,4,2,3,3,1,2,1
03/17/2025 21:26:00,user299@test.com,2,1,2,1,4,3,4,1,3,2,3,3,1,3,1,3,3,3,2,3,2,4
04/18/2025 20:33:00,user300@test.com,2,6,1,3,4,2,2,4,4,1,4,1,2,4,4,2,3,4,4,3,3,3
07/19/2025 06:12:00,user301@test.com,1,8,1,4,1,4,4,3,4,3,2,1,3,4,1,1,1,2,1,1,1,3
06/18/2025 13:37:00,user302@test.com,1,7,1,3,1,4,1,3,2,2,1,3,4,4,4,2,3,4,1,2,4,2
03/10/2025 14:21:00,user303@test.com,3,7,1,4,3,3,3,4,1,4,1,4,4,3,3,4,3,2,4,2,4,4
11/26/2025 06:17:00,user304@test.com,2,6,1,3,1,4,2,2,1,1,1,2,1,4,4,2,2,3,1,4,3,1
04/28/2025 05:56:00,user305@test.com,3,8,2,3,2,3,4,2,1,1,2,3,4,2,1,4,1,2,2,1,2,4
07/29/2025 18:48:00,user306@test.com,3,2,1,2,4,2,3,3,1,1,4,1,3,3,1,3,3,2,2,2,4,2
10/20/2025 07:30:00,user307@test.com,3,4,1,4,1,3,3,4,2,4,1,2,2,1,4,4,2,4,2,3,1,2
12/08/2025 05:37:00,user308@test.com,2,1,1,4,2,2,4,1,2,2,1,3,4,1,3,1,3,1,4,4,4,4
12/01/2025 02:48:00,user309@test.com,2,6,1,3,4,2,2,1,2,3,1,3,4,1,4,1,3,1,2,4,3,2
12/15/2025 01:47:00,user310@test.com,3,8,2,3,3,3,3,3,2,1,3,3,2,4,4,3,4,1,4,2,3,3
09/09/2025 09:12:00,user311@test.com,3,7,1,4,1,2,2,1,4,3,2,1,1,1,2,3,1,3,4,2,3,1
07/03/2025 16:20:00,user312@test.com,3,8,1,3,2,1,3,4,2,3,2,1,3,3,2,4,4,1,2,2,4,4
02/06/2025 23:12:00,user313@test.com,2,6,2,4,4,4,1,4,1,4,4,1,2,4,2,2,4,2,2,4,4,3
10/19/2025 11:21:00,user314@test.com,3,5,2,2,4,2,2,2,1,2,2,4,4,4,1,2,3,1,3,1,1,3
06/21/2025 01:43:00,user315@test.com,2,7,1,4,4,4,2,3,4,1,1,1,4,2,1,1,4,2,3,1,1,2
11/20/2025 02:12:00,user316@test.com,2,6,1,2,2,2,2,1,3,2,4,4,3,4,3,3,3,1,4,2,3,1
07/18/2025 02:28:00,user317@test.com,3,3,2,1,1,1,4,4,1,1,4,2,1,3,3,2,4,1,4,4,3,4
11/23/2025 22:47:00,user318@test.com,2,8,1,2,3,1,4,4,3,1,4,3,4,3,1,1,1,1,3,3,3,2
12/09/2025 18:01:00,user319@test.com,3,6,2,4,3,2,1,2,2,1,3,4,3,4,2,1,4,4,4,3,4,1
12/27/2025 12:51:00,user320@test.com,2,3,2,1,3,3,4,3,1,3,3,4,3,2,1,4,3,3,3,3,3,2
09/10/2025 10:46:00,user321@test.com,2,3,2,2,3,3,2,2,4,4,2,1,2,4,1,2,1,4,2,1,1,4
05/12/2025 07:53:00,user322@test.com,2,3,1,4,1,3,2,3,2,2,1,2,2,4,2,1,1,4,1,4,4,2
07/24/2025 03:46:00,user323@test.com,2,7,2,1,2,1,3,4,3,3,1,1,3,2,4,2,4,3,1,1,4,1
08/02/2025 17:42:00,user324@test.com,1,2,1,1,3,1,3,1,4,2,4,2,3,1,4,4,1,1,3,1,1,1
10/15/2025 13:50:00,user325@test.com,3,7,1,2,3,4,3,1,3,4,4,4,1,1,1,2,4,2,4,2,4,2
02/08/2025 23:58:00,user326@test.com,2,8,1,2,1,3,1,4,1,3,2,4,4,3,1,4,4,4,3,3,2,1
07/16/2025 14:22:00,user327@test.com,3,7,1,3,1,4,3,4,4,2,1,2,4,3,3,1,3,4,1,1,4,4
09/06/2025 03:49:00,user328@test.com,2,6,1,1,1,3,4,3,2,1,1,3,4,4,3,2,2,3,4,3,1,4
09/24/2025 16:58:00,user329@test.com,3,7,1,1,2,3,4,3,1,1,3,1,2,1,1,1,1,2,4,4,1,2
12/06/2025 10:22:00,user330@test.com,1,5,2,3,4,3,4,2,1,2,1,2,4,1,2,3,4,1,3,2,1,1
07/27/2025 13:07:00,user331@test.com,3,4,1,1,3,2,4,1,4,2,3,3,2,2,3,3,4,1,4,1,4,2
03/23/2025 16:06:00,user332@test.com,1,4,1,2,2,3,1,3,4,2,2,4,1,1,1,1,2,1,3,3,4,2
03/04/2025 20:24:00,user333@test.com,2,6,2,4,4,1,3,1,2,2,3,3,2,1,1,2,2,3,2,2,3,3
07/13/2025 23:27:00,user334@test.com,3,3,1,1,3,4,1,2,4,4,1,3,3,1,3,2,2,1,4,1,1,4
06/30/2025 09:52:00,user335@test.com,3,3,2,4,1,4,1,4,2,3,2,4,2,3,3,1,1,1,4,3,2,3
11/14/2025 20:24:00,user336@test.com,2,6,1,2,3,4,1,2,3,1,4,2,3,1,2,1,4,4,1,4,2,3
06/16/2025 23:05:00,user337@test.com,1,7,1,2,1,1,3,2,1,4,3,4,1,1,3,4,4,3,2,4,3,2
08/24/2025 15:30:00,user338@test.com,2,2,2,3,3,2,4,3,4,3,2,2,4,3,4,2,2,4,1,2,4,1
10/12/2025 00:44:00,user339@test.com,2,3,1,2,4,3,2,1,3,4,3,3,3,4,3,2,3,3,3,2,4,1
08/16/2025 04:29:00,user340@test.com,2,6,1,2,1,4,4,4,2,3,2,2,2,1,1,4,3,3,3,2,1,4
04/21/2025 22:58:00,user341@test.com,2,5,1,3,2,1,3,3,4,1,3,4,3,2,3,2,3,2,1,2,1,4
10/04/2025 01:00:00,user342@test.com,2,4,2,4,3,3,2,4,2,2,1,4,4,4,1,4,1,4,4,4,3,1
07/31/2025 14:02:00,user343@test.com,2,6,2,3,4,4,4,3,1,3,4,3,3,3,3,1,4,3,2,3,1,3
02/11/2025 06:20:00,user344@test.com,1,5,2,4,1,4,2,4,1,1,1,4,4,2,1,4,4,2,2,2,4,4
04/19/2025 15:43:00,user345@test.com,1,2,1,3,4,1,3,2,3,2,2,3,3,2,1,3,4,1,2,3,1,2
06/16/2025 18:01:00,user346@test.com,1,2,2,3,3,3,1,2,1,3,4,2,1,1,2,2,2,1,2,2,3,1
01/02/2026 13:45:00,user347@test.com,2,3,2,2,2,4,2,1,2,1,1,2,2,2,4,4,2,3,2,4,4,1
09/07/2025 19:39:00,user348@test.com,2,4,1,3,3,2,2,3,1,3,4,1,4,3,4,4,2,1,4,4,3,2
03/14/2025 04:25:00,user349@test.com,2,5,1,2,1,2,4,2,3,2,2,3,4,3,3,3,1,4,4,1,2,2
04/12/2025 09:21:00,user350@test.com,2,7,1,2,3,2,4,4,1,2,4,4,3,1,2,2,4,3,2,3,4,1
02/08/2025 01:03:00,user351@test.com,3,5,1,4,4,4,4,3,4,2,1,3,2,1,2,3,1,3,2,1,4,4
07/22/2025 07:53:00,user352@test.com,2,2,1,4,2,2,3,2,1,1,3,4,3,3,1,1,3,1,4,4,4,2
10/11/2025 16:28:00,user353@test.com,3,7,2,2,3,2,4,1,4,2,4,1,2,1,2,2,1,1,1,3,3,4
06/04/2025 03:41:00,user354@test.com,1,2,1,1,3,4,1,1,3,4,2,1,2,1,2,3,2,4,4,2,2,1
10/03/2025 13:35:00,user355@test.com,3,8,2,2,1,4,3,3,3,3,1,4,2,4,3,4,1,4,1,3,1,3
08/20/2025 15:01:00,user356@test.com,2,1,2,2,2,2,3,2,2,2,3,4,2,1,3,1,1,3,4,4,4,4
06/05/2025 12:46:00,user357@test.com,1,2,1,2,2,2,4,3,2,2,3,3,3,2,3,4,1,1,2,3,4,2
06/03/2025 12:26:00,user358@test.com,1,8,1,3,4,2,4,1,3,2,2,3,4,4,3,4,4,2,1,2,2,4
07/25/2025 20:05:00,user359@test.com,2,8,1,2,3,2,1,3,3,2,3,4,2,1,2,3,4,2,4,4,4,2
11/10/2025 09:37:00,user360@test.com,3,8,2,1,3,1,1,3,2,1,1,4,4,1,4,2,1,2,1,2,3,3
05/20/2025 19:25:00,user361@test.com,3,4,2,1,3,1,2,1,2,3,1,1,3,2,3,1,2,3,2,1,1,3
03/29/2025 08:52:00,user362@test.com,3,1,1,4,3,1,3,2,3,2,1,2,4,1,4,3,1,3,4,2,4,3
06/04/2025 05:04:00,user363@test.com,2,2,1,2,3,2,2,2,2,2,2,2,4,2,2,3,3,2,3,4,4,3
10/18/2025 14:13:00,user364@test.com,2,2,2,4,4,2,2,1,4,2,4,3,1,3,1,3,3,2,4,4,2,1
10/15/2025 03:31:00,user365@test.com,3,3,2,1,1,2,4,2,4,2,3,1,2,3,1,2,3,4,4,4,2,2
01/01/2026 15:28:00,user366@test.com,3,3,1,2,4,1,3,1,3,1,1,2,2,4,1,4,1,2,3,4,4,3
08/04/2025 17:38:00,user367@test.com,2,4,2,1,3,2,3,2,2,1,2,3,4,2,1,3,1,1,4,4,1,1
07/11/2025 22:43:00,user368@test.com,1,3,1,3,4,2,3,3,3,3,2,2,3,3,2,3,3,1,3,2,1,3
10/11/2025 15:14:00,user369@test.com,2,5,1,1,4,1,4,1,1,4,1,4,1,3,4,1,3,2,1,4,3,3
06/09/2025 11:54:00,user370@test.com,3,3,2,3,1,1,2,1,1,4,3,3,1,1,2,4,3,4,3,4,4,1
02/07/2025 16:19:00,user371@test.com,2,1,2,1,2,3,4,4,2,2,3,1,4,1,4,3,2,2,4,4,2,3
12/31/2025 08:08:00,user372@test.com,3,5,1,1,1,1,4,1,1,1,4,1,2,4,2,3,2,1,2,2,3,2
09/09/2025 05:50:00,user373@test.com,3,5,1,2,4,2,2,4,3,1,3,2,1,4,1,3,2,3,1,4,4,2
08/28/2025 11:11:00,user374@test.com,2,5,2,3,4,3,2,3,2,3,1,2,1,1,2,2,2,2,1,3,4,1
02/27/2025 23:47:00,user375@test.com,2,8,2,4,4,2,1,2,1,3,2,1,4,4,1,3,3,2,4,4,4,3
01/15/2026 09:13:00,user376@test.com,1,1,1,1,2,3,1,2,4,1,1,4,1,1,2,1,1,3,4,3,2,2
02/26/2025 12:12:00,user377@test.com,3,1,2,3,1,1,2,2,3,1,3,1,3,4,4,3,2,4,2,1,3,2
09/22/2025 09:01:00,user378@test.com,1,1,2,1,2,1,1,3,4,2,2,1,3,4,1,3,1,4,1,4,3,4
07/07/2025 08:05:00,user379@test.com,3,3,2,3,4,2,4,3,3,2,2,3,4,1,3,3,4,4,2,4,1,1
04/22/2025 10:25:00,user380@test.com,3,4,2,1,3,1,4,1,3,2,4,4,4,1,1,1,3,3,1,1,3,2
10/02/2025 16:42:00,user381@test.com,3,5,2,2,2,4,3,3,1,1,1,2,4,3,3,4,2,2,2,4,4,3
05/24/2025 15:20:00,user382@test.com,2,4,1,1,2,4,2,4,2,4,2,3,1,4,3,4,3,2,4,4,4,1
01/17/2026 20:11:00,user383@test.com,2,8,2,1,4,1,3,4,3,4,3,1,1,1,4,2,2,3,3,1,3,3
11/23/2025 13:21:00,user384@test.com,1,7,2,3,3,1,4,4,1,3,3,1,1,4,3,2,2,1,3,2,4,4
03/12/2025 01:45:00,user385@test.com,1,4,1,1,2,1,3,4,4,3,1,3,1,2,1,3,1,1,4,3,3,3
01/01/2026 23:36:00,user386@test.com,1,4,2,1,4,4,4,3,3,1,2,4,3,4,2,4,4,1,4,2,3,3
06/21/2025 23:28:00,user387@test.com,1,3,2,4,4,2,4,2,1,2,2,1,2,4,3,4,3,1,2,4,4,1
11/24/2025 08:35:00,user388@test.com,2,3,1,1,3,4,4,4,4,3,4,3,3,2,4,3,1,1,2,1,4,2
08/26/2025 22:15:00,user389@test.com,2,1,1,2,3,4,4,3,3,4,1,3,2,3,3,2,4,2,4,4,3,4
10/14/2025 03:54:00,user390@test.com,1,6,2,2,3,2,2,1,3,4,1,3,2,4,4,2,3,1,4,1,4,3
12/14/2025 13:10:00,user391@test.com,3,4,2,1,3,4,4,4,4,2,3,2,2,1,1,3,2,1,3,4,4,1
03/18/2025 19:33:00,user392@test.com,1,7,1,1,1,4,2,1,3,4,2,4,2,3,1,1,3,1,4,1,4,2
07/22/2025 09:20:00,user393@test.com,1,5,2,4,1,4,1,2,4,1,1,1,1,4,4,1,4,2,2,4,4,4
02/23/2025 17:40:00,user394@test.com,1,3,1,1,3,1,4,1,1,3,1,2,3,1,4,1,3,3,2,1,4,1
08/13/2025 09:57:00,user395@test.com,3,8,2,1,4,3,1,3,1,3,3,4,3,2,2,3,2,4,3,1,4,3
05/17/2025 07:07:00,user396@test.com,1,2,1,3,4,3,1,2,1,2,1,2,1,4,4,2,3,1,3,1,2,1
01/08/2026 15:35:00,user397@test.com,3,3,1,1,1,2,2,1,4,1,1,2,3,1,3,4,2,4,3,4,4,4
02/21/2025 00:07:00,user398@test.com,1,4,2,2,3,3,3,1,2,4,2,3,4,3,1,3,1,2,4,3,3,1
03/15/2025 14:01:00,user399@test.com,3,6,2,4,4,4,1,1,4,2,1,4,3,2,1,2,4,4,2,2,2,4
08/12/2025 09:19:00,user400@test.com,2,6,1,3,1,2,3,1,2,1,2,2,3,2,1,1,2,4,2,1,1,1
07/10/2025 20:21:00,user401@test.com,2,6,1,4,1,3,4,4,2,1,1,1,3,3,4,1,2,3,2,3,1,2
06/22/2025 23:37:00,user402@test.com,2,7,2,3,2,3,4,4,2,1,1,1,3,4,2,3,4,2,4,4,3,2
05/25/2025 15:21:00,user403@test.com,1,7,2,1,1,1,2,3,1,3,1,3,3,2,3,1,3,4,2,1,2,1
05/19/2025 13:33:00,user404@test.com,3,6,1,4,1,1,2,4,4,4,4,4,3,3,1,2,1,2,2,4,2,3
09/03/2025 00:15:00,user405@test.com,1,6,2,2,4,3,1,1,1,2,4,1,1,3,4,3,4,4,3,1,2,4
01/11/2026 08:00:00,user406@test.com,1,6,1,1,4,3,2,3,4,2,2,3,2,2,3,3,2,2,4,1,1,1
05/13/2025 23:35:00,user407@test.com,2,6,2,4,2,2,3,4,4,4,2,4,3,4,2,2,4,1,4,3,2,2
11/23/2025 06:54:00,user408@test.com,3,3,1,1,1,3,2,3,2,3,4,3,4,1,3,2,2,3,3,1,3,3
05/12/2025 14:42:00,user409@test.com,3,2,1,4,4,4,2,2,2,2,4,2,1,1,4,3,3,3,1,1,1,2
08/18/2025 16:24:00,user410@test.com,2,4,1,2,3,4,3,3,3,1,3,2,2,3,2,3,4,1,4,3,1,3
12/27/2025 23:02:00,user411@test.com,2,3,1,3,1,2,3,2,3,4,1,4,3,3,1,4,2,2,2,4,1,2
06/01/2025 06:11:00,user412@test.com,1,8,1,1,1,4,1,1,3,1,3,4,2,1,4,2,4,4,1,3,1,2
09/20/2025 09:19:00,user413@test.com,2,1,1,2,2,1,1,2,4,3,1,1,2,3,3,2,3,3,4,4,2,2
05/01/2025 00:41:00,user414@test.com,2,4,1,1,2,4,2,4,4,2,4,4,4,3,2,4,1,3,1,1,4,3
05/28/2025 15:36:00,user415@test.com,3,6,2,4,3,3,3,3,2,3,3,1,2,3,4,4,1,3,4,3,2,2
06/20/2025 04:27:00,user416@test.com,3,2,2,4,3,3,3,4,2,1,1,4,1,4,1,1,1,2,2,4,2,2
11/18/2025 08:38:00,user417@test.com,2,6,2,2,3,2,2,3,4,2,4,1,2,1,3,2,2,3,4,1,3,4
11/13/2025 02:46:00,user418@test.com,2,4,1,3,3,2,2,1,1,2,3,2,3,1,3,2,4,1,3,4,1,2
08/23/2025 07:50:00,user419@test.com,1,2,1,1,2,4,2,1,3,2,2,2,3,1,1,3,3,2,2,4,2,1
10/01/2025 14:56:00,user420@test.com,1,4,1,3,3,2,2,2,3,2,3,2,4,2,3,3,2,2,2,3,4,3
02/08/2025 01:12:00,user421@test.com,2,3,2,4,4,3,4,1,2,4,3,2,4,1,4,3,3,4,1,2,1,2
12/02/2025 12:17:00,user422@test.com,2,7,1,1,3,1,3,4,4,3,2,3,4,3,2,4,1,3,4,4,3,4
02/23/2025 10:16:00,user423@test.com,2,5,1,1,3,3,1,2,2,3,3,1,2,3,2,3,1,4,3,1,2,3
06/09/2025 18:35:00,user424@test.com,3,8,1,4,2,4,3,3,2,1,3,2,4,2,1,4,1,1,1,3,2,3
09/16/2025 07:57:00,user425@test.com,2,4,1,4,3,1,2,1,2,1,4,4,1,2,3,3,2,1,1,1,3,3
08/23/2025 01:07:00,user426@test.com,2,3,2,4,3,4,3,3,3,2,4,3,3,1,4,2,3,1,2,2,1,1
10/22/2025 23:24:00,user427@test.com,1,1,1,2,1,2,2,4,2,1,1,4,4,2,3,4,3,3,1,1,4,1
05/18/2025 00:47:00,user428@test.com,2,1,2,3,4,4,1,3,1,2,3,4,2,2,1,1,1,1,2,3,4,3
04/11/2025 19:21:00,user429@test.com,3,6,1,2,4,1,1,4,4,4,2,2,4,3,4,3,3,2,1,1,3,4
12/29/2025 07:11:00,user430@test.com,2,1,1,3,4,2,3,2,2,3,4,4,3,2,3,3,2,4,4,2,4,4
11/16/2025 03:17:00,user431@test.com,2,1,2,3,4,2,4,1,4,4,1,1,2,2,2,2,1,1,2,1,3,4
11/19/2025 13:57:00,user432@test.com,3,6,2,2,4,4,3,3,2,4,4,1,2,1,3,1,2,2,2,2,3,1
10/24/2025 15:02:00,user433@test.com,3,6,2,2,3,1,3,2,3,2,1,3,4,3,3,2,2,4,3,4,4,3
10/13/2025 12:10:00,user434@test.com,2,2,2,2,1,3,2,1,2,4,2,2,1,3,4,3,2,2,3,4,1,1
12/05/2025 17:32:00,user435@test.com,3,8,1,2,1,3,1,2,3,1,3,3,3,4,4,1,3,3,2,3,4,4
04/08/2025 18:25:00,user436@test.com,3,4,1,3,1,1,1,2,3,3,4,4,3,4,1,3,2,2,2,4,1,2
05/13/2025 00:55:00,user437@test.com,1,2,2,2,4,4,3,4,1,2,2,3,3,1,2,4,1,1,2,1,1,1
08/03/2025 08:39:00,user438@test.com,2,3,2,3,4,1,4,1,2,3,1,3,4,4,2,2,4,2,3,4,2,4
05/02/2025 06:38:00,user439@test.com,1,6,1,4,4,3,4,2,3,4,1,1,4,1,4,2,3,2,3,1,3,1
12/21/2025 06:49:00,user440@test.com,1,1,1,4,2,1,4,4,3,1,4,3,4,1,2,3,3,3,1,4,1,2
11/05/2025 01:17:00,user441@test.com,3,7,2,3,3,3,4,3,4,2,3,2,3,2,4,1,1,3,1,4,3,1
07/21/2025 02:47:00,user442@test.com,1,7,1,1,2,2,2,3,3,4,1,4,1,1,1,3,1,2,1,1,1,3
06/26/2025 05:02:00,user443@test.com,1,8,2,4,4,4,2,2,1,1,3,4,2,2,4,3,3,1,3,2,2,1
08/11/2025 07:26:00,user444@test.com,2,7,1,4,4,4,1,1,3,3,2,1,1,1,2,1,4,1,2,3,3,4
05/27/2025 17:34:00,user445@test.com,3,8,1,4,3,1,4,2,4,4,4,1,3,2,3,2,3,1,2,3,1,2
06/15/2025 12:56:00,user446@test.com,2,2,2,3,1,2,3,2,4,3,4,3,3,3,4,1,3,1,1,3,4,4
01/06/2026 07:53:00,user447@test.com,1,2,1,4,4,4,4,3,1,3,1,1,2,1,3,2,4,3,1,2,4,4
12/19/2025 16:23:00,user448@test.com,1,6,1,1,3,2,4,1,1,3,1,2,4,4,1,2,4,2,3,2,4,4
07/26/2025 15:13:00,user449@test.com,3,5,2,4,1,1,4,3,3,1,1,4,4,3,1,1,4,3,3,3,2,4
08/10/2025 13:49:00,user450@test.com,3,2,1,3,2,3,2,4,3,3,4,2,1,3,2,1,3,2,1,1,4,1
12/27/2025 12:07:00,user451@test.com,2,6,1,2,4,4,2,1,4,2,2,3,3,2,4,1,4,4,2,1,2,3
09/26/2025 09:48:00,user452@test.com,3,8,1,2,4,1,2,2,2,1,1,4,2,1,4,1,4,2,1,3,3,2
11/27/2025 00:04:00,user453@test.com,1,8,1,3,2,4,2,2,4,2,1,2,1,4,1,4,3,4,2,4,2,4
09/21/2025 07:16:00,user454@test.com,3,1,2,2,2,2,1,2,3,2,2,2,2,3,1,4,4,1,4,2,4,1
02/22/2025 15:42:00,user455@test.com,3,4,2,2,4,2,1,1,2,4,2,4,3,4,1,2,1,3,1,3,2,1
03/18/2025 14:21:00,user456@test.com,1,5,2,2,1,4,2,1,4,4,3,2,4,4,1,2,4,4,3,3,3,1
11/30/2025 07:24:00,user457@test.com,1,1,2,1,3,3,1,3,3,3,3,4,4,1,1,1,2,4,3,1,1,1
06/04/2025 18:13:00,user458@test.com,2,3,2,4,4,1,2,4,1,1,3,1,2,2,3,3,4,3,2,2,2,2
09/06/2025 08:13:00,user459@test.com,3,8,1,2,2,1,1,4,1,3,3,2,3,1,4,3,2,2,1,4,2,1
02/26/2025 11:06:00,user460@test.com,2,7,1,3,2,1,3,1,4,4,4,1,4,3,2,1,2,3,1,4,4,1
11/25/2025 14:10:00,user461@test.com,1,6,1,4,4,2,2,4,4,3,4,1,3,4,4,2,4,3,1,3,1,4
04/24/2025 23:15:00,user462@test.com,3,6,1,2,4,3,2,2,3,3,1,1,2,1,4,1,4,1,2,3,3,4
06/05/2025 11:03:00,user463@test.com,2,4,1,1,4,3,4,4,4,2,2,4,2,4,4,4,1,4,1,4,2,2
02/13/2025 01:45:00,user464@test.com,3,8,1,2,1,3,4,2,4,4,1,4,3,4,3,2,3,1,2,1,3,1
09/30/2025 19:21:00,user465@test.com,3,1,1,1,2,3,4,1,3,1,4,3,2,4,1,2,4,3,2,4,3,2
08/21/2025 06:36:00,user466@test.com,2,1,1,3,4,4,1,1,3,2,4,3,1,4,1,2,3,4,2,3,4,4
03/19/2025 05:12:00,user467@test.com,3,5,2,2,1,3,4,2,1,4,3,4,1,4,2,4,4,4,2,1,2,4
04/20/2025 18:21:00,user468@test.com,3,4,2,2,1,1,1,2,1,1,4,4,4,2,2,3,1,3,1,2,4,4
08/28/2025 13:56:00,user469@test.com,3,8,2,4,3,2,3,4,1,4,4,1,2,2,4,4,1,3,1,3,3,2
03/27/2025 08:24:00,user470@test.com,1,4,2,4,3,4,3,2,4,3,4,3,4,2,1,1,2,4,3,1,1,1
11/26/2025 00:36:00,user471@test.com,1,4,1,2,2,4,3,1,3,4,1,3,2,1,3,4,1,2,3,1,2,3
05/18/2025 02:16:00,user472@test.com,3,4,1,1,4,2,3,2,1,4,4,1,1,1,2,2,2,4,2,3,1,4
02/06/2025 17:27:00,user473@test.com,1,5,2,1,3,3,3,2,3,3,3,2,1,4,4,2,3,3,1,3,2,4
05/28/2025 17:50:00,user474@test.com,2,7,2,3,1,1,1,4,2,4,1,3,1,1,3,4,2,1,2,1,1,2
02/14/2025 01:47:00,user475@test.com,2,7,1,1,2,4,4,4,3,2,2,2,2,1,2,1,2,1,1,3,1,2
07/10/2025 08:13:00,user476@test.com,1,6,1,2,4,2,1,2,3,3,3,3,3,1,1,4,4,1,4,3,3,3
12/14/2025 04:18:00,user477@test.com,3,6,2,3,4,3,4,4,1,3,2,2,2,1,2,4,1,2,2,1,2,3
03/15/2025 14:26:00,user478@test.com,2,1,2,2,2,1,3,1,1,4,1,4,4,3,2,1,1,1,1,3,1,2
04/29/2025 21:45:00,user479@test.com,3,7,1,2,2,2,3,4,1,3,1,2,1,3,2,4,1,3,3,4,4,3
04/09/2025 11:07:00,user480@test.com,1,1,1,2,2,2,3,3,4,4,3,1,1,3,4,3,4,2,3,3,4,1
07/02/2025 08:46:00,user481@test.com,2,7,2,1,3,1,4,3,3,2,2,1,2,4,2,2,1,3,2,2,1,2
02/21/2025 13:50:00,user482@test.com,2,3,1,2,2,2,2,1,3,4,4,2,1,4,1,4,2,1,1,1,4,4
08/24/2025 19:10:00,user483@test.com,2,7,2,3,2,1,1,3,4,2,2,1,3,3,1,4,3,4,4,1,3,1
06/05/2025 17:50:00,user484@test.com,3,8,2,1,2,2,3,4,1,3,2,1,2,4,3,1,3,4,1,3,4,1
08/06/2025 14:08:00,user485@test.com,3,8,1,2,4,1,3,1,2,1,4,2,1,2,1,2,4,3,2,1,2,3
02/19/2025 06:10:00,user486@test.com,2,4,1,3,2,2,2,2,1,3,2,2,3,1,1,1,4,4,1,3,1,2
07/15/2025 17:07:00,user487@test.com,1,3,2,2,4,3,3,1,3,3,4,1,1,2,1,2,4,3,3,3,1,3
09/24/2025 07:45:00,user488@test.com,3,5,2,2,4,3,4,2,3,4,2,2,2,2,2,2,4,2,2,4,2,1
07/11/2025 09:44:00,user489@test.com,2,8,2,4,4,2,1,3,2,2,4,3,3,2,2,3,3,1,1,3,3,2
02/09/2025 02:36:00,user490@test.com,3,8,2,1,1,3,4,2,2,3,2,2,4,1,3,2,4,4,3,3,4,4
04/05/2025 21:26:00,user491@test.com,3,8,1,3,3,2,2,1,4,3,1,4,4,3,2,4,2,3,4,3,1,3
04/19/2025 03:24:00,user492@test.com,2,4,1,4,4,3,4,2,4,1,1,3,2,1,1,1,4,3,4,1,2,2
06/11/2025 02:58:00,user493@test.com,2,8,1,2,2,3,1,3,1,1,3,1,2,2,1,3,3,2,4,3,2,2
07/15/2025 20:12:00,user494@test.com,2,2,2,3,3,4,1,4,1,3,3,1,4,4,3,3,4,1,4,4,2,1
06/09/2025 19:53:00,user495@test.com,3,8,2,2,4,4,3,4,2,4,3,2,4,2,2,3,2,4,3,2,3,2
08/10/2025 01:13:00,user496@test.com,3,8,2,4,4,4,3,2,3,2,2,3,1,4,2,1,4,3,1,2,3,2
06/08/2025 00:50:00,user497@test.com,2,6,2,1,2,1,2,3,1,2,3,2,1,3,2,4,1,3,2,3,4,2
09/30/2025 22:42:00,user498@test.com,1,8,1,2,1,2,2,3,2,4,1,3,1,1,1,1,4,4,1,3,3,3
08/22/2025 23:53:00,user499@test.com,3,1,2,3,2,2,1,4,1,3,3,4,3,2,2,3,1,4,4,4,2,4
10/21/2025 14:10:00,user500@test.com,1,7,1,4,3,2,3,3,4,2,2,4,3,2,1,4,4,4,1,4,2,2
08/02/2025 18:41:00,user501@test.com,1,7,2,2,4,4,3,1,3,4,4,3,2,2,1,1,4,1,3,4,2,1
09/26/2025 14:03:00,user502@test.com,1,8,2,1,1,2,1,2,1,2,4,3,1,1,2,1,2,3,1,1,2,3
07/13/2025 03:53:00,user503@test.com,2,1,2,1,1,4,2,4,1,2,4,2,3,3,1,2,4,3,3,1,2,4
05/21/2025 20:37:00,user504@test.com,2,8,2,3,1,2,1,2,4,2,1,1,4,2,2,1,1,1,3,2,3,3
12/06/2025 23:48:00,user505@test.com,2,2,2,2,2,4,3,1,4,1,4,4,3,1,4,2,2,2,4,4,2,3
03/21/2025 09:06:00,user506@test.com,1,7,1,3,1,1,1,4,3,1,3,3,2,4,3,3,3,2,2,1,2,4
04/17/2025 21:24:00,user507@test.com,2,5,1,3,2,2,1,4,2,2,1,2,3,3,2,2,1,3,2,2,4,3
08/10/2025 22:19:00,user508@test.com,3,7,1,3,2,2,4,2,4,1,1,1,1,4,1,2,4,2,3,3,2,1
04/17/2025 10:35:00,user509@test.com,3,8,1,2,3,2,3,1,3,1,2,1,4,1,3,2,2,2,1,1,1,4
12/10/2025 12:48:00,user510@test.com,2,1,1,4,4,3,4,4,2,4,2,1,1,3,1,2,2,2,3,3,1,2
08/10/2025 12:16:00,user511@test.com,1,5,1,4,2,3,4,1,2,3,3,3,3,2,3,1,4,2,2,1,1,4
06/12/2025 01:23:00,user512@test.com,3,6,1,3,2,1,1,3,2,4,3,3,1,2,3,3,1,4,2,4,1,4
04/10/2025 06:41:00,user513@test.com,2,2,2,4,1,3,2,1,2,4,1,1,3,4,4,3,2,2,2,1,1,1
08/07/2025 09:51:00,user514@test.com,3,7,1,2,1,4,4,1,1,2,2,3,1,4,4,4,3,2,3,4,1,4
08/08/2025 03:57:00,user515@test.com,1,4,1,3,4,4,4,2,2,4,2,2,1,4,3,1,2,2,1,1,3,2
09/25/2025 01:39:00,user516@test.com,3,4,2,4,4,1,4,2,3,4,2,1,3,1,1,3,3,2,1,2,2,1
07/02/2025 11:05:00,user517@test.com,2,6,2,3,4,2,1,3,3,3,3,1,3,1,4,4,4,3,1,4,2,3
06/27/2025 02:51:00,user518@test.com,2,1,2,3,2,1,2,3,2,4,2,3,1,1,2,4,2,4,3,3,3,2
12/05/2025 03:13:00,user519@test.com,2,5,1,4,3,3,3,1,1,2,1,3,2,1,1,1,2,4,1,4,2,4
04/28/2025 02:09:00,user520@test.com,2,6,2,3,3,3,4,3,4,2,4,3,3,2,3,3,3,3,2,3,3,1
07/10/2025 18:37:00,user521@test.com,3,5,1,2,3,3,1,3,4,4,2,2,3,4,1,2,2,2,2,4,1,3
07/12/2025 09:46:00,user522@test.com,2,1,1,2,3,4,4,3,3,3,3,4,4,4,2,1,2,1,1,4,3,1
08/28/2025 13:00:00,user523@test.com,3,7,2,1,4,1,2,2,4,2,3,2,1,4,3,2,3,2,4,3,2,3
10/05/2025 07:48:00,user524@test.com,2,3,2,3,4,4,3,3,2,4,2,4,1,2,3,2,2,3,4,2,2,3
12/10/2025 08:41:00,user525@test.com,1,3,2,1,1,1,1,3,4,2,2,4,4,4,4,2,3,2,2,3,4,2
08/12/2025 10:51:00,user526@test.com,3,7,1,3,2,2,3,1,3,3,1,2,1,1,3,4,2,1,2,2,3,4
03/07/2025 23:09:00,user527@test.com,1,3,2,2,2,3,2,4,1,4,4,2,3,4,4,3,1,1,3,3,2,4
11/30/2025 16:40:00,user528@test.com,3,5,2,3,1,3,4,4,1,2,4,4,4,1,3,2,4,4,4,3,2,2
02/27/2025 18:36:00,user529@test.com,3,1,2,3,2,2,3,1,1,3,4,3,1,4,1,2,4,1,3,1,1,2
11/29/2025 18:25:00,user530@test.com,3,6,1,3,3,1,2,1,2,2,4,2,2,4,1,1,1,3,4,3,2,4
11/15/2025 12:46:00,user531@test.com,3,5,1,4,2,1,1,2,1,4,2,3,1,2,2,4,1,1,1,4,1,2
04/08/2025 04:21:00,user532@test.com,1,1,1,1,3,4,1,1,1,4,2,1,1,1,1,1,3,1,2,2,3,2
06/03/2025 19:20:00,user533@test.com,2,4,1,3,4,3,2,3,4,2,2,1,4,1,1,3,1,4,4,2,2,2
05/21/2025 13:27:00,user534@test.com,3,2,1,1,2,2,4,3,1,4,2,4,2,2,4,2,4,2,2,2,4,2
05/01/2025 11:35:00,user535@test.com,1,5,1,1,2,1,2,2,1,4,2,2,1,1,4,1,3,2,2,1,3,3
10/25/2025 10:31:00,user536@test.com,1,4,2,1,1,2,2,4,4,1,1,4,1,1,1,2,1,2,2,3,1,2
04/10/2025 05:12:00,user537@test.com,2,4,2,3,1,3,2,3,4,4,1,1,4,3,4,4,2,1,3,3,2,3
01/11/2026 14:10:00,user538@test.com,2,4,1,2,4,2,3,3,1,1,4,2,3,4,4,2,4,1,1,2,4,4
10/07/2025 16:23:00,user539@test.com,3,3,2,1,1,4,1,3,2,1,4,3,2,3,1,2,4,4,4,3,3,4
04/09/2025 00:56:00,user540@test.com,2,3,2,2,1,3,2,4,1,2,1,4,4,1,2,2,4,4,4,1,1,4
07/22/2025 04:21:00,user541@test.com,1,6,2,2,3,1,3,2,1,1,2,2,2,4,2,2,4,2,2,4,4,4
04/26/2025 10:56:00,user542@test.com,2,6,1,1,1,1,2,1,1,4,2,3,4,3,4,1,3,4,1,4,2,3
04/16/2025 23:33:00,user543@test.com,3,7,1,1,4,1,4,4,2,2,4,2,4,3,1,1,3,3,1,4,2,3
09/30/2025 18:11:00,user544@test.com,2,4,2,1,2,1,2,3,3,1,4,1,1,4,2,2,1,1,1,4,2,1
05/08/2025 02:55:00,user545@test.com,1,3,2,3,2,3,2,2,4,4,2,2,2,3,2,4,4,3,2,4,2,2
07/04/2025 06:07:00,user546@test.com,3,5,1,3,1,1,1,1,2,4,2,4,2,2,1,3,1,1,2,1,4,1
12/27/2025 14:20:00,user547@test.com,3,5,2,2,1,3,4,2,1,2,4,2,2,2,3,2,1,1,3,3,3,3
02/08/2025 10:35:00,user548@test.com,3,6,1,2,4,2,3,3,1,2,3,4,2,3,3,4,4,3,2,4,1,3
02/15/2025 19:21:00,user549@test.com,3,3,2,2,2,4,1,1,4,1,1,3,4,1,1,4,2,1,4,3,2,2
03/11/2025 12:13:00,user550@test.com,1,6,1,3,1,1,1,3,1,1,1,2,3,3,1,3,1,3,2,4,2,3
11/23/2025 23:55:00,user551@test.com,1,2,2,3,3,4,2,3,1,1,1,4,1,1,4,1,4,2,4,1,1,4
02/10/2025 00:51:00,user552@test.com,1,1,1,4,1,2,1,4,2,4,2,2,1,1,1,2,4,1,2,1,1,2
11/25/2025 23:38:00,user553@test.com,2,8,2,1,1,3,4,4,4,2,4,4,3,2,2,3,3,3,3,3,4,3
05/11/2025 22:13:00,user554@test.com,1,6,2,3,4,2,3,1,3,4,4,2,3,4,3,2,2,4,4,2,3,1
06/22/2025 01:18:00,user555@test.com,1,2,1,3,1,1,4,1,4,4,2,1,4,1,4,3,1,4,4,4,2,4
07/12/2025 11:15:00,user556@test.com,1,8,2,2,1,4,1,1,3,1,3,3,4,1,4,1,2,4,1,2,3,2
05/20/2025 12:09:00,user557@test.com,1,8,1,3,4,3,2,4,3,3,2,1,2,2,3,3,4,1,1,2,3,2
05/03/2025 01:39:00,user558@test.com,2,6,2,3,2,2,3,4,3,2,1,2,3,2,4,1,3,4,4,3,2,4
10/30/2025 08:51:00,user559@test.com,3,3,1,1,3,2,4,1,3,4,4,3,4,3,4,3,1,2,2,1,2,2
07/19/2025 21:39:00,user560@test.com,1,1,1,3,1,3,1,2,4,1,4,4,2,1,4,3,2,4,2,1,1,3
07/25/2025 19:15:00,user561@test.com,2,4,1,4,3,2,3,1,4,1,2,1,2,2,1,1,2,2,1,4,3,2
05/15/2025 10:16:00,user562@test.com,3,7,1,2,3,3,3,4,2,2,1,3,2,3,1,3,2,4,1,1,1,3
12/15/2025 00:40:00,user563@test.com,1,5,2,1,4,1,4,4,3,3,2,3,4,1,3,3,3,4,2,3,1,3
05/11/2025 18:09:00,user564@test.com,2,4,1,3,1,3,1,1,3,3,4,3,4,2,2,1,1,1,4,3,4,3
11/14/2025 05:38:00,user565@test.com,3,2,1,4,1,2,2,4,3,2,3,3,1,4,4,1,1,1,2,4,4,3
11/20/2025 21:14:00,user566@test.com,3,3,2,2,3,4,3,3,1,2,4,1,1,4,3,3,2,4,4,2,1,3
03/01/2025 04:37:00,user567@test.com,3,3,2,2,1,4,4,3,1,4,4,4,3,4,2,1,1,3,1,3,2,3
03/30/2025 12:46:00,user568@test.com,3,3,1,4,4,2,4,2,3,1,3,2,4,1,1,4,4,4,4,4,4,4
10/10/2025 04:08:00,user569@test.com,3,7,2,1,1,3,1,4,4,3,2,4,2,1,1,2,4,4,1,1,3,4
08/12/2025 11:43:00,user570@test.com,1,3,2,1,4,4,3,3,3,3,4,2,3,3,1,4,3,2,4,4,3,1
01/13/2026 15:46:00,user571@test.com,3,6,1,3,1,4,1,2,3,3,3,2,3,4,2,3,4,4,3,4,2,3
02/11/2025 23:42:00,user572@test.com,3,2,1,3,3,3,2,1,3,3,4,4,4,4,1,4,1,3,4,3,3,2
08/29/2025 08:31:00,user573@test.com,2,2,2,3,2,1,1,2,3,1,4,2,1,3,4,4,2,3,2,4,1,3
06/20/2025 13:50:00,user574@test.com,3,3,2,3,4,3,4,4,2,1,3,3,4,3,4,1,4,1,4,4,1,3
10/08/2025 20:02:00,user575@test.com,1,4,2,1,4,4,1,2,3,4,3,3,4,2,2,3,4,3,1,4,3,2
10/22/2025 16:45:00,user576@test.com,2,2,2,2,2,4,2,2,3,3,1,2,2,1,3,1,3,2,1,2,3,3
11/11/2025 09:05:00,user577@test.com,2,1,2,4,3,3,1,3,1,1,4,2,4,2,1,4,3,2,4,2,3,1
01/02/2026 05:10:00,user578@test.com,3,5,1,3,1,2,4,3,3,3,1,1,1,1,4,3,4,3,4,4,2,1
03/29/2025 07:58:00,user579@test.com,3,3,1,1,4,1,2,3,4,4,3,4,4,4,4,4,3,4,2,1,2,4
02/24/2025 05:23:00,user580@test.com,1,4,2,1,4,3,2,1,3,1,3,4,4,1,3,2,1,4,2,2,4,4
05/12/2025 08:38:00,user581@test.com,3,5,2,2,1,4,3,3,4,4,1,2,3,2,4,3,3,2,4,1,2,1
04/26/2025 17:35:00,user582@test.com,1,3,1,3,2,2,3,3,1,2,1,3,4,3,1,2,1,4,4,3,1,4
08/03/2025 12:08:00,user583@test.com,3,4,1,3,2,3,3,2,3,3,4,4,1,2,2,4,3,1,1,1,4,4
05/31/2025 20:25:00,user584@test.com,2,8,1,3,4,4,4,1,1,2,4,3,2,3,1,1,4,3,3,4,2,3
08/06/2025 12:34:00,user585@test.com,1,8,2,2,4,3,4,1,3,2,2,2,1,3,4,4,4,4,3,2,1,2
11/14/2025 08:38:00,user586@test.com,2,6,1,1,2,3,3,4,1,4,2,4,1,4,1,4,4,1,3,4,2,2
04/14/2025 00:05:00,user587@test.com,3,3,2,2,4,4,4,1,3,3,1,3,1,2,3,1,1,1,3,1,3,3
01/04/2026 13:52:00,user588@test.com,3,8,1,1,1,4,3,3,2,1,4,2,3,1,3,1,2,1,2,1,3,1
05/31/2025 02:07:00,user589@test.com,3,3,1,2,4,3,3,1,1,2,4,1,4,4,1,3,3,1,4,4,2,3
08/27/2025 12:55:00,user590@test.com,2,2,2,3,3,4,3,4,2,1,3,2,1,1,2,4,4,4,2,1,2,3
03/31/2025 02:08:00,user591@test.com,2,5,2,1,2,3,3,4,3,2,2,3,2,4,3,1,4,1,1,3,2,1
10/27/2025 19:07:00,user592@test.com,2,1,1,3,2,1,3,2,2,1,4,3,4,2,2,4,2,1,3,3,1,2
11/07/2025 13:04:00,user593@test.com,3,6,2,4,2,4,1,4,1,1,4,2,1,1,1,4,3,3,3,4,2,4
03/05/2025 10:25:00,user594@test.com,3,2,2,3,1,2,4,4,2,4,1,4,1,1,2,4,1,3,4,3,4,1
12/10/2025 15:27:00,user595@test.com,2,2,2,2,2,4,3,3,4,3,1,2,3,3,4,2,1,2,1,4,3,4
09/07/2025 00:16:00,user596@test.com,1,1,2,3,2,4,1,3,1,2,2,1,3,2,1,3,1,4,1,2,2,2
08/03/2025 10:13:00,user597@test.com,2,5,1,2,2,4,4,3,1,2,4,3,1,1,1,3,3,1,4,1,4,3
01/10/2026 02:13:00,user598@test.com,3,3,2,4,1,3,1,3,1,1,3,1,3,3,4,4,4,2,1,4,2,2
03/29/2025 07:44:00,user599@test.com,3,5,1,4,3,1,3,2,2,4,2,4,2,4,4,2,3,2,3,4,2,3
03/09/2025 20:32:00,user600@test.com,3,6,2,2,1,4,1,2,3,1,3,1,3,3,3,4,4,4,2,1,1,4
06/16/2025 17:34:00,user601@test.com,2,5,2,2,1,1,4,4,2,3,1,2,4,3,2,3,4,2,4,2,2,4
04/20/2025 03:33:00,user602@test.com,2,2,2,1,4,3,3,4,3,2,3,1,4,2,2,4,3,2,2,2,4,1
03/16/2025 15:05:00,user603@test.com,2,7,1,3,1,4,1,3,3,2,1,2,2,1,3,4,3,1,3,3,3,2
07/06/2025 15:04:00,user604@test.com,2,2,1,1,3,4,4,3,2,1,2,4,1,1,2,3,3,4,2,4,1,3
06/07/2025 09:15:00,user605@test.com,2,8,1,4,3,2,4,2,2,3,3,4,3,2,4,4,4,2,3,4,3,3
12/02/2025 22:17:00,user606@test.com,2,3,1,2,1,1,4,3,4,3,3,1,2,4,2,1,3,1,3,3,1,1
07/28/2025 08:40:00,user607@test.com,2,2,1,1,4,3,3,4,4,3,2,2,2,3,4,3,3,2,2,1,1,4
11/01/2025 03:48:00,user608@test.com,1,3,2,1,2,4,4,3,3,3,2,1,3,4,3,3,1,2,3,1,3,1
08/28/2025 19:35:00,user609@test.com,2,7,2,2,2,4,2,4,1,4,3,4,3,4,1,3,1,3,1,3,4,1
12/21/2025 18:46:00,user610@test.com,3,8,2,1,1,4,4,3,1,4,3,4,2,4,1,4,3,4,1,4,1,1
06/25/2025 21:48:00,user611@test.com,3,2,2,3,1,4,3,4,4,3,1,3,2,3,1,1,2,4,2,4,4,4
01/06/2026 01:57:00,user612@test.com,3,4,1,4,3,2,2,2,4,1,3,4,3,2,1,4,4,2,2,1,3,2
01/12/2026 20:46:00,user613@test.com,2,5,1,1,3,2,2,3,4,2,4,4,2,1,3,4,3,2,4,4,4,4
02/07/2025 19:53:00,user614@test.com,2,6,1,4,3,2,1,1,3,2,1,4,4,4,4,2,3,3,2,1,4,3
05/30/2025 13:15:00,user615@test.com,3,7,2,2,3,3,1,3,4,2,3,4,4,3,3,3,3,3,4,3,1,1
12/03/2025 08:34:00,user616@test.com,1,5,1,3,3,3,1,3,2,3,4,4,1,2,1,4,3,2,4,3,1,2
10/09/2025 19:30:00,user617@test.com,2,1,1,3,3,4,3,4,4,4,2,4,3,1,4,2,3,3,3,1,3,1
04/04/2025 19:41:00,user618@test.com,1,4,2,4,1,3,2,2,3,1,2,3,1,2,3,2,3,2,1,2,1,1
07/30/2025 08:50:00,user619@test.com,1,2,1,1,4,4,1,3,3,2,4,1,3,2,2,4,3,3,3,2,1,3
05/07/2025 01:20:00,user620@test.com,1,3,1,1,2,2,3,3,1,3,1,2,1,1,3,4,4,3,3,1,1,1
06/17/2025 16:31:00,user621@test.com,2,6,2,1,2,3,1,2,2,2,1,1,1,2,2,2,3,4,2,4,1,3
12/23/2025 15:42:00,user622@test.com,2,1,1,3,2,4,1,4,4,1,4,2,1,3,3,3,2,3,4,1,1,4
03/14/2025 09:26:00,user623@test.com,3,1,1,3,2,4,1,2,2,1,3,3,3,2,2,2,3,1,4,4,3,1
09/03/2025 01:37:00,user624@test.com,1,4,1,1,3,4,3,3,2,3,2,4,4,2,4,2,2,2,3,2,1,1
12/01/2025 12:27:00,user625@test.com,3,5,1,2,2,3,2,3,4,1,2,1,4,2,4,2,4,4,3,2,3,3
04/20/2025 10:06:00,user626@test.com,2,8,1,4,3,3,1,1,1,2,4,3,4,3,1,3,2,2,2,1,1,4
10/28/2025 21:33:00,user627@test.com,1,1,1,2,1,2,4,2,1,1,2,3,4,3,1,2,2,1,3,2,3,2
04/02/2025 00:14:00,user628@test.com,2,1,1,3,1,4,3,1,3,3,1,3,4,4,1,1,4,2,2,1,2,2
01/12/2026 21:00:00,user629@test.com,3,8,1,3,2,2,2,1,2,3,3,4,2,2,4,1,2,4,2,3,1,1
12/04/2025 20:32:00,user630@test.com,2,1,2,3,2,2,3,1,2,3,1,4,4,1,3,1,3,2,2,3,2,4
11/27/2025 04:23:00,user631@test.com,2,1,1,3,2,1,3,3,3,3,3,4,3,3,2,3,2,1,2,4,2,4
10/09/2025 21:39:00,user632@test.com,1,7,2,2,1,2,3,2,2,2,2,2,1,3,3,4,2,4,2,3,3,1
03/19/2025 04:13:00,user633@test.com,2,8,1,2,2,2,1,4,2,1,1,3,1,3,2,4,4,4,4,4,2,2
01/01/2026 23:38:00,user634@test.com,1,4,2,1,4,2,2,4,2,1,2,3,1,4,4,3,2,3,1,1,2,3
06/08/2025 05:15:00,user635@test.com,3,3,2,1,4,3,2,1,3,3,3,4,1,1,3,1,1,4,3,3,4,2
01/01/2026 13:54:00,user636@test.com,1,1,1,2,1,4,3,3,4,2,2,3,1,2,4,2,4,3,4,3,2,3
05/20/2025 15:39:00,user637@test.com,3,6,1,1,2,1,4,4,1,1,3,3,1,3,4,4,3,2,2,3,3,3
06/24/2025 21:42:00,user638@test.com,3,8,2,4,1,2,4,3,1,1,4,3,2,4,3,3,4,1,2,3,3,4
06/30/2025 00:40:00,user639@test.com,1,7,2,1,3,4,3,1,4,1,4,1,1,4,1,3,3,3,4,1,4,3
04/30/2025 03:47:00,user640@test.com,3,8,2,1,3,2,4,2,4,1,3,2,4,2,3,1,1,3,4,1,2,3
07/03/2025 23:02:00,user641@test.com,2,2,1,2,4,2,4,3,4,4,3,4,4,1,1,3,4,1,3,2,1,3
05/10/2025 08:13:00,user642@test.com,3,7,2,4,1,2,3,4,4,4,4,2,3,1,4,2,4,2,1,3,2,1
03/14/2025 17:29:00,user643@test.com,1,5,2,1,2,3,1,4,3,2,3,3,3,2,2,1,2,3,4,1,4,4
07/06/2025 08:24:00,user644@test.com,2,5,2,4,2,1,1,1,1,4,2,3,3,4,4,2,3,4,4,3,3,3
07/11/2025 04:10:00,user645@test.com,3,7,1,1,1,2,4,3,1,1,1,4,2,3,2,2,4,4,2,3,4,3
02/08/2025 02:43:00,user646@test.com,3,3,2,3,2,2,3,3,2,4,1,4,4,3,1,3,1,4,4,2,1,2
02/28/2025 23:38:00,user647@test.com,2,4,2,3,4,4,4,4,2,2,1,3,1,4,2,1,3,1,2,4,2,2
11/25/2025 09:00:00,user648@test.com,3,2,2,4,2,2,2,4,4,4,1,3,1,1,1,1,1,4,4,2,1,3
11/29/2025 16:59:00,user649@test.com,1,7,2,4,1,1,3,4,4,3,1,3,2,2,2,4,2,2,4,2,2,4
10/18/2025 18:55:00,user650@test.com,2,6,2,1,3,4,4,2,1,4,4,1,4,3,3,1,4,4,3,4,4,3
12/19/2025 06:07:00,user651@test.com,3,8,2,1,3,4,1,4,3,2,2,2,4,3,2,2,2,1,4,1,4,4
04/01/2025 17:54:00,user652@test.com,1,8,2,2,1,3,3,4,3,1,2,3,2,1,3,4,3,3,1,2,2,3
02/12/2025 17:18:00,user653@test.com,1,2,2,3,3,4,1,3,4,3,1,2,2,1,3,3,2,4,2,2,3,1
04/21/2025 06:51:00,user654@test.com,3,7,1,2,3,2,3,1,3,3,1,3,2,2,1,4,1,1,3,2,2,1
01/05/2026 19:25:00,user655@test.com,2,7,1,3,2,3,4,3,3,3,1,4,4,2,2,4,2,1,2,1,2,3
03/13/2025 08:54:00,user656@test.com,3,7,2,2,1,2,3,2,2,3,3,4,4,3,3,3,1,3,1,2,4,3
12/31/2025 03:04:00,user657@test.com,2,6,1,2,4,3,3,4,4,1,3,4,2,1,3,2,3,4,4,2,4,4
08/01/2025 16:14:00,user658@test.com,1,1,2,1,1,3,3,4,2,4,1,3,3,1,1,1,3,1,2,4,4,1
03/18/2025 14:20:00,user659@test.com,3,1,2,3,3,1,2,1,2,1,2,2,1,4,2,3,1,1,1,4,3,2
03/31/2025 03:32:00,user660@test.com,2,7,1,2,1,2,3,4,2,2,2,4,4,4,3,4,3,4,3,1,1,3
06/08/2025 20:31:00,user661@test.com,2,4,2,3,4,2,2,1,1,4,3,4,4,1,3,3,3,3,2,3,3,4
03/23/2025 14:25:00,user662@test.com,2,3,1,3,3,3,1,4,3,4,4,3,4,1,4,4,3,4,1,3,2,2
07/23/2025 02:53:00,user663@test.com,2,4,1,1,1,3,4,2,2,1,4,4,2,4,3,4,2,1,3,1,1,3
05/09/2025 18:12:00,user664@test.com,3,5,2,4,2,4,4,4,2,1,2,3,2,1,2,4,4,3,4,3,3,4
01/06/2026 08:56:00,user665@test.com,3,2,2,1,1,3,4,4,4,1,2,1,2,1,1,2,2,3,2,1,4,3
04/15/2025 06:38:00,user666@test.com,3,8,1,3,1,3,2,4,4,2,1,2,1,3,3,1,4,2,1,1,3,4
07/31/2025 19:24:00,user667@test.com,1,1,1,1,2,3,1,1,2,1,2,4,3,2,3,3,3,2,2,2,2,2
12/09/2025 05:36:00,user668@test.com,1,2,1,3,3,4,1,2,2,4,3,2,2,2,3,1,3,3,2,4,4,1
09/21/2025 16:43:00,user669@test.com,2,2,1,4,4,1,2,4,4,4,4,2,2,3,2,2,1,3,3,4,4,3
07/20/2025 07:04:00,user670@test.com,3,1,2,4,2,1,2,3,4,4,1,1,2,4,3,1,2,1,3,2,4,3
08/28/2025 13:33:00,user671@test.com,3,5,2,4,4,1,2,4,4,1,1,4,1,4,4,3,1,1,3,2,4,1
06/08/2025 07:09:00,user672@test.com,3,7,1,2,2,3,2,3,1,3,3,2,2,1,1,4,4,3,1,1,1,2
04/14/2025 23:57:00,user673@test.com,2,2,2,1,3,1,2,1,3,3,1,3,1,1,1,4,4,2,2,1,4,4
01/10/2026 20:23:00,user674@test.com,3,1,1,4,3,4,4,4,2,2,1,3,3,3,1,3,2,3,1,4,4,3
05/06/2025 17:20:00,user675@test.com,2,8,2,2,1,4,1,2,2,4,3,2,2,3,2,3,3,2,2,4,2,2
08/15/2025 19:35:00,user676@test.com,3,1,2,4,4,4,3,3,3,4,2,2,4,2,3,1,1,2,4,3,1,2
06/22/2025 22:27:00,user677@test.com,2,1,1,2,3,1,4,1,3,3,4,4,2,3,1,3,2,3,2,1,1,3
08/16/2025 14:29:00,user678@test.com,2,1,1,1,3,2,1,4,1,3,4,1,2,3,3,4,2,3,4,4,3,3
05/28/2025 15:12:00,user679@test.com,3,3,1,4,2,4,2,4,4,2,1,3,3,1,3,4,1,2,3,3,2,4
03/22/2025 17:15:00,user680@test.com,2,2,1,2,4,2,1,2,3,1,3,2,4,2,4,1,3,1,3,1,1,2
08/01/2025 09:50:00,user681@test.com,1,8,2,4,2,4,3,1,3,4,4,2,2,1,1,4,1,2,4,1,4,3
09/19/2025 13:34:00,user682@test.com,3,2,1,4,4,3,1,4,2,2,4,3,2,4,4,2,4,3,1,4,1,3
10/08/2025 17:33:00,user683@test.com,2,3,2,1,3,2,4,4,2,1,4,4,4,1,3,1,2,2,4,2,2,2
11/26/2025 21:54:00,user684@test.com,1,4,2,3,2,4,2,4,1,4,2,3,2,1,4,4,3,4,4,3,2,2
11/12/2025 01:15:00,user685@test.com,1,6,1,3,1,3,2,2,2,3,2,3,4,1,4,1,3,2,2,2,1,1
08/17/2025 18:04:00,user686@test.com,1,6,1,1,4,4,1,4,1,2,2,2,4,1,4,1,1,3,3,4,2,3
06/30/2025 11:32:00,user687@test.com,1,6,2,2,4,2,4,4,4,2,4,4,1,3,1,3,3,4,4,2,4,1
08/19/2025 18:48:00,user688@test.com,2,7,2,3,4,1,4,1,2,1,4,4,1,1,2,2,3,1,3,2,2,2
04/25/2025 22:06:00,user689@test.com,3,6,1,3,1,1,4,4,1,4,1,4,2,1,1,4,3,1,2,2,2,4
03/19/2025 18:37:00,user690@test.com,1,6,2,2,3,1,4,2,1,3,3,4,4,3,4,1,2,3,4,1,4,2
12/16/2025 16:09:00,user691@test.com,1,8,1,3,1,3,1,3,2,2,1,2,1,2,1,2,1,2,3,2,1,1
11/11/2025 21:34:00,user692@test.com,2,2,2,3,1,2,2,4,2,3,4,4,3,1,4,2,3,4,3,2,3,2
09/29/2025 01:49:00,user693@test.com,3,3,2,4,1,4,4,4,4,2,2,4,3,4,2,2,4,4,3,1,1,4
08/22/2025 08:49:00,user694@test.com,1,6,2,2,2,4,4,3,4,2,3,1,2,3,2,4,2,4,4,3,1,3
05/03/2025 10:38:00,user695@test.com,2,5,2,2,1,4,3,2,3,3,4,1,1,2,3,3,3,4,3,2,4,4
09/28/2025 00:17:00,user696@test.com,1,2,1,3,3,2,3,1,3,3,2,1,4,1,2,1,2,1,2,2,4,4
05/27/2025 04:09:00,user697@test.com,1,4,2,4,2,4,3,2,1,1,4,2,2,3,1,2,3,4,3,4,1,2
07/29/2025 14:03:00,user698@test.com,2,7,2,2,1,4,1,3,4,2,3,2,2,4,3,2,1,3,2,2,3,3
08/29/2025 09:53:00,user699@test.com,1,6,2,1,2,1,2,1,4,4,3,3,1,3,1,3,2,4,2,3,2,1
05/14/2025 23:21:00,user700@test.com,1,1,2,1,4,2,4,2,2,4,4,4,2,4,2,4,1,4,3,2,2,1
